395;1;221,47;221,47
396;1;45,44;45,44
397;0;45,06;0
398;0;60,72;0
399;0;21,67;0
400;0;146,86;0
401;0;90,62;0
402;0;258;0
403;1;54,95;54,95
404;1;25,49;25,49
405;3;42,86;128,58
406;1;11,47;11,47
407;8;8,83;70,64
408;2;48,93;97,86
409;0;53,64;0
410;0;10,18;0
411;0;9,82;0
412;0;141,49;0
413;0;20,1;0
414;0;48,68;0
415;0;11,22;0
416;0;43,8;0
417;0;44,45;0
418;0;32,31;0
419;0;13,48;0
420;0;11,93;0
421;1;19,34;19,34
422;0;14,47;0
423;0;42,55;0
424;0;56,33;0
425;1;33,37;33,37
426;0;101,27;0
427;2;43,06;86,12
428;0;47,03;0
429;0;45,45;0
430;1;66,95;66,95
431;0;97,34;0
432;4;23,9;95,6
433;0;10,3;0
434;1;21,21;21,21
435;4;43,02;172,08
436;1;16,34;16,34
438;0;45,31;0
439;1;31,23;31,23
440;0;19,6;0
441;2;42,38;84,76
442;0;25,71;0
443;0;43,45;0
444;0;43,24;0
445;0;51,69;0
446;0;42,5;0
447;0;8,46;0
448;0;33,62;0
449;0;26;0
450;0;27,78;0
451;0;23,27;0
452;0;49,48;0
453;0;68,88;0
454;0;66,45;0
455;0;34,04;0
456;1;16,64;16,64
457;1;27,9;27,9
458;5;57,25;286,25
459;0;18,89;0
460;1;24,35;24,35
461;0;54,06;0
462;0;46,34;0
463;0;28,12;0
464;1;36,97;36,97
466;0;55,1;0
467;0;52,94;0
468;0;63,68;0
469;0;58,68;0
470;0;67,7;0
471;0;82,84;0
472;2;20;40
473;5;89,9;449,5
474;0;18,57;0
475;0;33,66;0
476;0;265,46;0
477;0;19,01;0
478;0;87,75;0
479;0;59,57;0
481;0;35,88;0
482;0;122,39;0
483;1;47,59;47,59
484;0;76,86;0
485;0;56,69;0
486;0;93,3;0
487;1;111,21;111,21
488;0;10,19;0
489;0;44;0
490;0;71,39;0
491;0;70,94;0
492;0;41,28;0
493;0;58,09;0
495;0;56,4;0
496;0;41,82;0
497;0;18,6;0
499;0;29,87;0
500;0;29,09;0
501;1;48,69;48,69
502;0;18,05;0
504;0;35,26;0
505;1;35,09;35,09
506;1;67,73;67,73
507;2;55,08;110,16
508;1;11,75;11,75
509;0;37,92;0
511;0;62,44;0
512;6;22,65;135,9
513;0;251,27;0
514;3;49,41;148,23
515;0;47,29;0
516;0;40,89;0
517;1;21;21
518;0;6,93;0
519;0;59,28;0
520;0;46,74;0
521;0;45,89;0
522;0;28,66;0
523;1;19,5;19,5
524;0;52,55;0
525;1;20,16;20,16
526;0;294,6;0
527;0;37,24;0
528;0;46,26;0
529;0;43,07;0
530;0;30,86;0
531;1;54,3;54,3
532;1;34,56;34,56
533;0;11,68;0
534;1;16,77;16,77
535;0;18,96;0
537;1;46,08;46,08
538;0;10;0
540;0;14,91;0
542;1;16,87;16,87
543;0;52,78;0
544;2;15,56;31,12
546;1;11,58;11,58
547;0;203,41;0
548;0;51,62;0
550;0;57,64;0
551;0;18,93;0
553;0;67,9;0
554;0;30,83;0
555;0;28,27;0
556;0;39,87;0
557;0;113,06;0
558;0;69,33;0
559;0;91,43;0
560;0;241,26;0
562;0;40,21;0
563;0;95,38;0
564;0;71,79;0
565;3;10,86;32,58
566;2;21,03;42,06
567;0;29,53;0
568;0;67,58;0
569;0;61,73;0
570;0;43,19;0
571;0;65,85;0
573;11;12,98;142,78
575;0;39,42;0
577;0;33,35;0
578;0;89,08;0
579;1;11,06;11,06
582;0;29,07;0
583;1;34,6;34,6
584;0;134,36;0
585;0;58,36;0
586;0;245,48;0
587;0;51,6;0
588;0;14,52;0
589;0;81;0
590;0;23,38;0
591;2;35,45;70,9
592;1;29,12;29,12
593;3;32,55;97,65
594;2;12,77;25,54
595;1;22,86;22,86
596;6;30,5;183
597;1;8,51;8,51
598;2;10,82;21,64
600;1;12,14;12,14
601;2;14,08;28,16
602;0;35,79;0
603;1;14,84;14,84
604;2;29,9;59,8
605;1;15,82;15,82
606;0;113,27;0
607;0;33,14;0
608;0;26,82;0
609;0;60,25;0
610;0;32,57;0
611;0;7,47;0
612;0;25,42;0
613;0;21,57;0
614;0;20,73;0
615;0;17,92;0
616;0;63,65;0
617;2;23,1;46,2
618;0;24,9;0
619;1;14,3;14,3
620;0;43,32;0
621;0;41,78;0
623;0;8,71;0
624;0;10,2;0
625;0;26,4;0
626;0;30,37;0
627;0;114,3;0
628;7;20,34;142,38
629;4;53,52;214,08
630;0;23,71;0
631;0;84,45;0
632;0;57;0
633;0;44,83;0
634;8;18,71;149,68
635;5;20,24;101,2
636;0;26,36;0
637;0;11,27;0
638;2;11,22;22,44
639;0;77,9;0
641;1;31,8;31,8
645;1;143,85;143,85
646;3;13,33;39,99
648;0;59,9;0
649;0;53,12;0
650;0;128,03;0
651;3;10,83;32,49
653;0;31,1;0
654;0;17,05;0
656;0;126,91;0
657;0;243,5;0
658;8;97,01;776,08
659;1;32,65;32,65
660;0;11,85;0
661;4;29,94;119,76
663;1;9,98;9,98
664;3;11,7;35,1
665;6;21,08;126,48
666;2;10,31;20,62
667;2;11,52;23,04
668;2;109,09;218,18
669;8;14,56;116,48
670;3;16,03;48,09
671;1;27,6;27,6
672;0;8,94;0
673;4;12;48
675;0;12,27;0
676;0;12,41;0
677;0;14,08;0
678;0;39,41;0
679;4;22,53;90,12
680;0;43,47;0
681;1;72,81;72,81
682;0;11,61;0
683;0;10,92;0
684;0;7,51;0
688;0;16,22;0
689;0;47,57;0
690;2;44,29;88,58
691;0;53,17;0
692;3;125,7;377,1
693;0;9,06;0
694;0;43,36;0
695;0;21,16;0
696;1;28,67;28,67
698;0;42,92;0
700;14;9,87;138,18
702;0;31,64;0
703;1;257,77;257,77
704;0;101,83;0
705;0;75,91;0
706;0;317,39;0
707;0;145;0
708;0;70;0
709;1;85,61;85,61
710;0;65,63;0
711;0;39,28;0
712;2;16,49;32,98
713;0;142,98;0
714;0;206,89;0
715;0;246,36;0
716;1;71,17;71,17
717;0;53,81;0
718;2;56,88;113,76
719;0;26,52;0
720;2;28,59;57,18
722;0;97,1;0
723;2;12,13;24,26
724;0;38;0
727;0;21,45;0
728;0;40;0
730;0;50,41;0
731;1;84,09;84,09
735;5;50,78;253,9
736;11;17,11;188,21
737;15;25,1;376,5
738;0;27,53;0
739;6;33,59;201,54
740;9;73,39;660,51
741;15;56,02;840,3
745;0;19,36;0
746;1;15,67;15,67
747;7;59,36;415,52
749;0;65;0
751;10;72,87;728,7
752;6;75,81;454,86
753;1;22,69;22,69
754;4;72,8;291,2
755;5;23,45;117,25
756;4;82,77;331,08
757;15;77,34;1160,1
758;11;83,04;913,44
761;1;59,83;59,83
762;0;37,26;0
763;0;117,4;0
764;1;70;70
765;0;78;0
766;0;89,9;0
767;0;84,9;0
768;0;67;0
769;1;168,12;168,12
773;0;38;0
774;1;263,52;263,52
775;0;50,17;0
777;0;43,63;0
778;0;29,9;0
779;0;66,09;0
781;1;9;9
782;2;79,42;158,84
783;5;61,39;306,95
784;4;73,32;293,28
786;3;131,02;393,06
788;2;64,27;128,54
789;5;60,93;304,65
790;2;76,7;153,4
791;5;13,17;65,85
792;0;44,9;0
794;1;109,9;109,9
795;0;12,41;0
797;6;49,68;298,08
798;11;29,41;323,51
799;0;195,46;0
800;6;86,94;521,64
801;11;70,02;770,22
802;3;57,81;173,43
803;4;41,19;164,76
804;6;20,78;124,68
805;3;49,99;149,97
806;1;52,6;52,6
807;1;57,9;57,9
808;0;47,75;0
811;0;142;0
812;1;39,9;39,9
813;3;22,29;66,87
814;4;41,83;167,32
815;2;35,54;71,08
817;0;59,86;0
819;0;8;0
820;0;9,99;0
821;2;84,68;169,36
823;0;26;0
824;0;12,63;0
826;1;25;25
827;0;63;0
833;0;129,9;0
834;0;46,9;0
839;1;94,9;94,9
840;1;17,9;17,9
841;3;20;60
848;6;95,99;575,94
850;1;51,25;51,25
851;8;45,9;367,2
852;1;32,9;32,9
854;0;22,91;0
855;3;19,99;59,97
856;2;34,9;69,8
857;8;16,9;135,2
859;2;36,9;73,8
861;0;69,89;0
863;4;26,34;105,36
866;0;8,71;0
867;0;13,9;0
868;0;11,9;0
871;1;36,08;36,08
872;0;61,9;0
875;4;5,96;23,84
884;0;49,9;0
888;0;15,9;0
916;0;0;0
922;2;14,3;28,6
924;11;5,89;64,79
926;10;7,32;73,2
927;2;7,23;14,46
928;1;15,67;15,67
929;5;20,31;101,55
932;1;12;12
934;0;17,73;0
935;5;11,3;56,5
936;22;10,21;224,62
937;0;14,93;0
939;1;76;76
940;0;122;0
943;4;15,27;61,08
945;0;17,95;0
946;1;45,34;45,34
947;2;115,19;230,38
948;3;94,2;282,6
950;3;261,37;784,11
952;2;65,35;130,7
953;5;82,28;411,4
955;1;88,07;88,07
956;7;77,64;543,48
957;12;88,87;1066,44
958;0;54,9;0
960;0;99;0
964;4;94,23;376,92
965;2;83,13;166,26
968;10;123,89;1238,9
969;6;138,22;829,32
970;0;110,51;0
971;6;79,95;479,7
975;0;77,36;0
976;0;99,9;0
980;9;15,9;143,1
989;0;27,99;0
993;0;39,9;0
996;0;42,05;0
998;0;52,56;0
999;0;44,9;0
1001;7;84,46;591,22
1002;0;9,5;0
1003;0;40,84;0
1006;1;24,79;24,79
1007;3;15,76;47,28
1008;2;95,4;190,8
1009;0;329,9;0
1010;0;73,9;0
1011;0;69,9;0
1012;0;99,9;0
1014;0;139,1;0
1016;0;46,91;0
1018;0;230;0
1020;1;81,76;81,76
1021;0;49,9;0
1022;1;49,48;49,48
1068;0;18,64;0
1076;0;14,8;0
1077;0;49,94;0
1078;10;22,64;226,4
1079;13;12,18;158,34
1080;51;16,15;823,65
1082;7;40,35;282,45
1083;2;54,9;109,8
1084;0;59,09;0
1086;0;22,43;0
1087;3;39,4;118,2
1088;0;49,9;0
1089;0;52,14;0
1090;5;12,09;60,45
1091;1;15,9;15,9
1093;0;45,9;0
1094;1;55,91;55,91
1095;3;58,9;176,7
1096;1;29,9;29,9
1097;0;22,8;0
1146;0;26,9;0
1149;6;40,63;243,78
1150;8;44,49;355,92
1151;6;74,9;449,4
1152;0;34,99;0
1153;0;30,95;0
1154;0;37;0
1155;0;140,13;0
1156;0;35,2;0
1157;1;38,13;38,13
1158;1;29,34;29,34
1159;1;14,71;14,71
1160;0;98,13;0
1161;1;10,6;10,6
1162;2;15,9;31,8
1164;3;74,24;222,72
1165;2;42,87;85,74
1166;0;14,9;0
1168;0;106,17;0
1169;1;115,62;115,62
1173;1;129,26;129,26
1174;0;18,41;0
1175;2;42,29;84,58
1176;1;105,93;105,93
1177;0;69,9;0
1178;0;140,91;0
1179;0;84,9;0
1180;0;129;0
1181;0;57,9;0
1182;0;69;0
1183;0;109,9;0
1184;0;89,9;0
1185;1;103;103
1191;0;73,36;0
1192;1;15,22;15,22
1193;0;17,71;0
1194;0;27,88;0
1197;0;15,25;0
1199;0;16,53;0
1201;1;14,3;14,3
1204;0;16,53;0
1224;1;119,9;119,9
1225;0;89,9;0
1226;0;11,66;0
1227;0;109,9;0
1229;2;54,9;109,8
1240;5;10;50
1252;0;159;0
1253;0;89,9;0
1254;2;79,9;159,8
1256;0;92;0
1259;1;32,9;32,9
1260;0;38,88;0
1261;2;155;310
1263;0;66,9;0
1264;1;65;65
1265;0;29,9;0
1266;0;81,9;0
1270;1;69,56;69,56
1271;5;85,59;427,95
1272;1;45;45
1273;1;249,9;249,9
1275;0;139,91;0
1276;0;59,99;0
1277;3;39,34;118,02
1279;0;39;0
1280;0;89,9;0
1281;1;184,97;184,97
1282;0;281,12;0
1284;0;99,9;0
1285;2;31,59;63,18
1286;0;123,77;0
1288;0;73,9;0
1290;6;127,86;767,16
1291;2;117,9;235,8
1293;0;56,87;0
1295;0;59,9;0
1296;0;44,9;0
1297;0;61,7;0
1298;1;211,44;211,44
1302;2;63,02;126,04
1304;1;39,33;39,33
1305;0;119,9;0
1307;2;225;450
1309;0;115;0
1310;0;190,53;0
1311;1;89,99;89,99
1312;2;139,35;278,7
1313;0;34,9;0
1316;0;165,52;0
1318;0;19,9;0
1319;0;17,35;0
1320;1;79,9;79,9
1321;0;17,8;0
1322;7;16,43;115,01
1323;2;53,37;106,74
1324;3;41,88;125,64
1325;0;19,35;0
1326;1;9,02;9,02
1327;0;42,67;0
1328;0;8,2;0
1329;5;7,2;36
1330;4;6,25;25
1331;0;5,39;0
1332;0;6,7;0
1333;1;335,22;335,22
1334;13;87,22;1133,86
1335;2;32,9;65,8
1336;0;23,12;0
1337;2;55,9;111,8
1338;1;34,91;34,91
1341;0;7,84;0
1343;0;19,95;0
1344;0;30,35;0
1346;1;32,47;32,47
1348;0;22,8;0
1351;10;97,47;974,7
1353;0;59,9;0
1355;1;18,4;18,4
1356;0;19,51;0
1357;0;63,97;0
1358;1;54,9;54,9
1360;6;21,3;127,8
1362;0;8,9;0
1366;2;33,9;67,8
1367;1;47,55;47,55
1368;0;49,9;0
1369;1;99,9;99,9
1370;0;49,9;0
1371;1;39;39
1372;0;89,9;0
1373;1;79,9;79,9
1375;0;117,9;0
1376;3;69,9;209,7
1378;0;54,9;0
1382;1;96,01;96,01
1384;2;106,9;213,8
1385;0;74,9;0
1386;0;89,9;0
1387;1;31,17;31,17
1388;0;26,9;0
1389;3;54,21;162,63
1390;0;88,87;0
1391;0;26,25;0
1392;0;62,33;0
1393;7;93,22;652,54
1394;0;87,85;0
1395;0;154,91;0
1396;1;113,23;113,23
1397;0;32,11;0
1400;0;49;0
1401;0;75,24;0
1404;0;58,04;0
1406;0;119,49;0
1407;0;85,8;0
1408;0;154,62;0
1409;0;63;0
1410;0;45,68;0
1411;0;24,9;0
1412;6;43,55;261,3
1414;0;91,12;0
1415;1;46,42;46,42
1416;0;86,99;0
1417;0;184,81;0
1418;1;297,97;297,97
1421;0;66,18;0
1423;0;73,9;0
1424;1;119,9;119,9
1426;1;109,9;109,9
1429;0;31,9;0
1430;3;40,1;120,3
1431;4;27,17;108,68
1432;0;220,12;0
1435;0;46,35;0
1436;3;76,01;228,03
1437;7;34,23;239,61
1438;0;46,9;0
1439;1;49,9;49,9
1440;0;15;0
1441;5;92,99;464,95
1442;3;152,5;457,5
1443;2;131;262
1444;0;138,99;0
1445;0;118,18;0
1446;1;54,68;54,68
1447;0;28,9;0
1448;0;119,9;0
1449;0;41,6;0
1450;0;24,9;0
1453;0;199,9;0
1454;0;89,9;0
1456;0;18,99;0
1457;0;30;0
1459;1;40,64;40,64
1460;0;22,6;0
1461;0;26,72;0
1462;0;82,56;0
1463;0;58,16;0
1464;1;126,1;126,1
1466;0;64,37;0
1467;2;58,04;116,08
1468;0;53,68;0
1469;1;158;158
1470;3;99,59;298,77
1471;0;188;0
1472;1;132,9;132,9
1473;1;82,94;82,94
1474;4;114,9;459,6
1475;1;159,9;159,9
1476;0;129,9;0
1477;0;199;0
1478;1;149,9;149,9
1479;0;110,49;0
1480;0;129,9;0
1485;5;46,07;230,35
1486;0;52,9;0
1487;4;29,9;119,6
1489;2;62,42;124,84
1490;0;230;0
1491;0;69,9;0
1492;2;37,28;74,56
1493;1;29,9;29,9
1494;0;12,99;0
1524;0;15;0
1525;0;19;0
1526;3;26,95;80,85
1527;3;16,82;50,46
1528;3;39,9;119,7
1529;2;39,99;79,98
1530;0;110;0
1531;3;39,9;119,7
1532;1;90,91;90,91
1535;0;39,88;0
1537;3;59,9;179,7
1538;6;12,43;74,58
1540;0;119,9;0
1541;0;49,9;0
1542;6;44,91;269,46
1544;0;14,04;0
1548;0;87;0
1558;0;279,91;0
1562;0;10,24;0
1563;0;46,38;0
1571;5;19,48;97,4
1582;0;12,63;0
1584;0;124,66;0
1589;0;67,92;0
1607;0;88,47;0
1612;0;47,76;0
1613;0;49,9;0
1614;0;49,99;0
1618;0;26,11;0
1619;0;31,9;0
1620;0;21,9;0
1676;0;77,28;0
1702;1;18,25;18,25
1703;8;53,78;430,24
1705;0;115;0
1710;0;37,91;0
1726;14;14,99;209,86
1835;0;19,17;0
2121;0;34,28;0
2159;1;44,52;44,52
2160;0;16,82;0
2161;0;19,62;0
2163;0;89,9;0
2165;0;6,3;0
2230;0;63,79;0
2232;0;65,63;0
2284;0;10,3;0
2287;0;16,59;0
2288;0;15,72;0
2290;0;10,8;0
2291;0;13,9;0
2294;20;17,9;358
2296;5;16,61;83,05
2298;0;16,8;0
2299;0;15,11;0
2300;0;15,41;0
2302;0;23,62;0
2305;16;9,21;147,36
2307;1;16,42;16,42
2309;4;8,29;33,16
2310;0;2,43;0
2311;3;11,78;35,34
2312;3;38,94;116,82
2313;0;25,57;0
2314;1;9,61;9,61
2315;3;19,68;59,04
2317;1;16,06;16,06
2318;3;30,35;91,05
2320;1;10,33;10,33
2321;2;40,5;81
2322;3;15,36;46,08
2323;0;11,1;0
2324;1;10,09;10,09
2344;0;9,49;0
2345;0;46,91;0
2462;0;99,9;0
2480;2;39,9;79,8
2481;3;39,9;119,7
2482;2;69,9;139,8
2491;6;9,15;54,9
2527;0;59,28;0
2534;1;86,92;86,92
2537;2;81,82;163,64
2539;1;38,16;38,16
2540;4;82,27;329,08
2583;2;29,9;59,8
2620;0;51,42;0
2621;0;45,98;0
2653;2;69,68;139,36
2656;0;69,9;0
2657;0;269;0
2662;4;11,82;47,28
2725;2;23,7;47,4
2727;0;40,81;0
2773;3;43,26;129,78
2776;0;179,99;0
2777;0;24,9;0
2778;0;89,9;0
2789;0;15;0
2792;3;89,9;269,7
2793;3;16,9;50,7
2805;0;75,36;0
2840;0;79,9;0
2841;0;209,9;0
2843;0;89,9;0
2851;0;24,9;0
2858;6;18,94;113,64
2866;1;99,9;99,9
2867;0;42,9;0
2868;6;67,52;405,12
2869;0;32,67;0
2870;2;83,1;166,2
2872;0;9,46;0
2877;17;12,71;216,07
2892;0;25,15;0
2894;2;29,9;59,8
2925;0;34,63;0
2932;0;86,79;0
2942;0;159,9;0
2943;1;80,03;80,03
2944;0;140,12;0
2945;2;70,58;141,16
2982;0;34,99;0
2983;0;7,9;0
2984;0;7,9;0
2986;5;132,07;660,35
2987;3;54,82;164,46
2990;0;69,9;0
2991;0;72,5;0
2992;1;110,25;110,25
2998;0;29,9;0
3022;0;39,9;0
3023;0;49,9;0
3024;0;38,9;0
3121;2;96,88;193,76
3152;0;54,99;0
3153;0;9,9;0
3156;1;15,9;15,9
3200;0;28,9;0
3201;1;19,99;19,99
3206;0;49,99;0
3224;0;99,9;0
3228;1;13,45;13,45
3237;11;85,11;936,21
3241;2;46;92
3293;3;10,9;32,7
3299;0;12,29;0
3301;1;129,9;129,9
3307;0;32,45;0
3309;0;159,9;0
3310;0;156,2;0
3311;0;49,86;0
3312;2;60,53;121,06
3315;0;58,3;0
3316;1;55,04;55,04
3319;4;76,81;307,24
3321;1;31,84;31,84
3337;6;14,9;89,4
3338;1;29,9;29,9
3340;0;87,95;0
3351;1;199,9;199,9
3352;0;12,9;0
3388;1;21,98;21,98
3394;0;17,9;0
3395;0;59,9;0
3396;4;119,9;479,6
3401;0;84,9;0
3402;0;16,01;0
3415;0;129,9;0
3416;5;9,6;48
3427;1;58,66;58,66
3430;2;9,96;19,92
3432;0;13,79;0
3433;1;49,76;49,76
3434;0;66;0
3454;0;19,53;0
3455;0;20,99;0
3456;1;194,96;194,96
3458;1;10,02;10,02
3459;0;52,62;0
3460;0;51,83;0
3461;0;11,65;0
3462;0;75,63;0
3464;0;53,58;0
3466;0;23,36;0
3470;14;66,57;931,98
3487;1;43,17;43,17
3496;0;50;0
3499;1;23,99;23,99
3502;0;27,83;0
3503;0;16,07;0
3509;2;54,55;109,1
3510;0;49,9;0
3517;0;8,52;0
3524;0;69,9;0
3527;0;69,9;0
3528;0;13,68;0
3533;2;22,2;44,4
3543;0;24,9;0
3547;2;49,9;99,8
3549;0;63,45;0
3550;0;29,91;0
3551;2;67,3;134,6
3552;0;12,99;0
3555;0;42,64;0
3620;2;50,72;101,44
3629;0;44,49;0
3631;1;59,9;59,9
3642;0;8,5;0
3651;1;25,6;25,6
3658;0;92;0
3659;2;49,9;99,8
3660;1;114,9;114,9
3661;0;59,9;0
3662;0;69,9;0
3663;4;25,74;102,96
3665;0;149,9;0
3666;0;109,9;0
3667;2;127,35;254,7
3679;0;11,63;0
3682;0;20,45;0
3683;3;37,46;112,38
3684;0;89,9;0
3685;1;99,9;99,9
3686;0;69,9;0
3690;6;50,43;302,58
3696;0;36,11;0
3697;4;55,59;222,36
3705;1;111,92;111,92
3706;0;32,46;0
3714;0;57,86;0
3715;0;99,9;0
3716;0;165;0
3717;2;34,99;69,98
3718;0;64,9;0
3719;0;169,9;0
3720;0;109,9;0
3730;0;95,95;0
3735;0;63,65;0
3739;0;47,9;0
3752;1;179,9;179,9
3753;0;17,9;0
3754;1;5,99;5,99
3755;0;9,99;0
3759;0;23,9;0
3764;0;10,99;0
3765;14;12,75;178,5
3766;0;89,9;0
3782;0;74,9;0
3804;2;39,9;79,8
3809;1;16,19;16,19
3817;1;12,9;12,9
3826;0;189,9;0
3827;1;122,72;122,72
3828;0;79,9;0
3829;0;77,94;0
3830;2;149,9;299,8
3831;0;59,9;0
3832;4;49,9;199,6
3833;1;149,9;149,9
3834;0;69,9;0
3836;3;26,23;78,69
3840;0;221,9;0
3841;0;49,9;0
3842;0;13,9;0
3844;0;149,9;0
3845;0;18,9;0
3846;0;39,9;0
3851;0;14,99;0
3852;0;10,05;0
3886;0;119,9;0
3887;0;253,91;0
3888;1;46,59;46,59
3891;0;79,89;0
3895;0;69,91;0
3899;0;50,8;0
3900;0;6,99;0
3902;3;53,37;160,11
3903;0;12,99;0
3918;0;164,1;0
3922;0;89,9;0
3924;2;159,2;318,4
3925;0;59,02;0
3926;0;79,9;0
3930;2;129,9;259,8
3931;2;94,9;189,8
3932;0;162;0
3935;0;15,9;0
3936;0;60,68;0
3946;3;63,35;190,05
3961;0;99,9;0
3962;1;92,9;92,9
3963;1;99,9;99,9
3964;0;189,9;0
3967;1;160,23;160,23
3989;0;49,99;0
3990;16;11,96;191,36
3991;0;13,9;0
3992;0;199,9;0
3993;0;12,99;0
3994;1;289,9;289,9
3995;1;116,6;116,6
4000;0;119,9;0
4002;0;31,12;0
4004;0;29,9;0
4005;0;189,9;0
4024;14;8,42;117,88
4025;0;127,9;0
4026;0;53;0
4027;0;55,91;0
4052;0;40,5;0
4054;0;47;0
4055;3;21,64;64,92
4058;0;12,69;0
4069;0;48,68;0
4072;0;30;0
4074;3;339,9;1019,7
4075;1;79,99;79,99
4077;2;348,07;696,14
4078;0;189,9;0
4079;1;351,03;351,03
4080;0;16,9;0
4081;0;25,92;0
4082;0;139,9;0
4091;0;84,9;0
4092;2;89,9;179,8
4094;0;12,6;0
4097;0;69,99;0
4098;1;99,9;99,9
4099;0;27,9;0
4100;0;39,9;0
4101;0;57,41;0
4102;0;42,99;0
4105;2;65,94;131,88
4106;0;59,9;0
4107;0;149,9;0
4108;0;59,9;0
4109;2;236,23;472,46
4110;0;262,23;0
4111;1;64,17;64,17
4112;0;79,9;0
4113;1;17,42;17,42
4114;3;9,4;28,2
4115;0;18,4;0
4116;0;8,99;0
4117;3;14,58;43,74
4120;1;94,9;94,9
4121;0;35,9;0
4122;0;59,9;0
4123;0;50,02;0
4124;0;59,9;0
4126;0;59,9;0
4127;0;40,19;0
4128;0;39,9;0
4129;0;106,84;0
4134;0;42,9;0
4137;4;295,8;1183,2
4140;4;54,9;219,6
4146;0;28,51;0
4148;2;34,9;69,8
4151;1;10,25;10,25
4160;0;50,9;0
4164;0;40,17;0
4176;0;55,68;0
4187;0;159,9;0
4188;0;119,9;0
4200;18;11,42;205,56
4201;0;59,9;0
4202;0;179,9;0
4211;0;30,14;0
4221;0;10,32;0
4222;0;11,07;0
4254;0;89,9;0
4255;0;63;0
4263;3;145,81;437,43
4264;1;99,9;99,9
4265;1;235,29;235,29
4269;5;10,68;53,4
4270;1;190,13;190,13
4272;0;49,9;0
4276;0;94,9;0
4282;0;79,9;0
4283;0;149,9;0
4302;2;55,31;110,62
4303;0;89,9;0
4304;0;89,9;0
4320;5;300,81;1504,05
4322;18;10,4;187,2
4325;0;89,9;0
4326;0;26,9;0
4341;0;27,33;0
4342;0;179,9;0
4344;3;69,9;209,7
4349;0;22,97;0
4350;0;49,9;0
4351;0;40,45;0
4352;0;23,74;0
4357;0;60,29;0
4358;0;192,63;0
4361;0;117,53;0
4362;0;59;0
4363;5;15,19;75,95
4364;0;31,9;0
4365;1;82,59;82,59
4368;1;16,99;16,99
4370;0;25,5;0
4371;0;45,5;0
4380;0;27,63;0
4387;0;89,9;0
4388;0;69,9;0
4404;1;8,04;8,04
4410;2;130,85;261,7
4412;0;13,9;0
4417;3;28,76;86,28
4427;0;19,9;0
4428;0;79,9;0
4431;0;129,9;0
4436;1;140,28;140,28
4441;2;104,39;208,78
4443;0;87,54;0
4457;0;44,21;0
4459;0;39,9;0
4460;5;102,68;513,4
4461;10;33,88;338,8
4467;0;97,57;0
4469;3;86,87;260,61
4470;0;18;0
4471;1;42,6;42,6
4472;0;43,43;0
4474;0;18;0
4476;3;97,07;291,21
4480;0;59,45;0
4482;0;74,4;0
4483;0;70,58;0
4486;0;43,33;0
4490;0;155,25;0
4491;0;41,07;0
4492;0;39,9;0
4501;1;335,12;335,12
4502;0;139,9;0
4506;0;14,7;0
4519;0;99,9;0
4520;0;34,5;0
4521;0;82,8;0
4522;0;21,57;0
4523;1;236,9;236,9
4524;0;96,9;0
4528;1;122,8;122,8
4529;0;61,98;0
4530;0;31,95;0
4540;12;42,9;514,8
4541;0;59,9;0
4543;0;119,9;0
4544;2;69,9;139,8
4545;0;79,9;0
4546;8;86,69;693,52
4547;12;25,9;310,8
4585;0;169,9;0
4586;0;59,91;0
4593;2;149,9;299,8
4594;0;109,9;0
4595;1;28,85;28,85
4599;0;9,75;0
4600;0;15,88;0
4603;0;98,65;0
4604;2;34,52;69,04
4605;0;47,95;0
4611;1;54,9;54,9
4618;1;138,9;138,9
4619;0;249,9;0
4620;2;46,9;93,8
4621;3;12,83;38,49
4622;1;77,44;77,44
4627;0;89,9;0
4628;2;64,93;129,86
4629;1;143,07;143,07
4630;0;45,9;0
4636;19;8,63;163,97
4640;0;35,9;0
4654;0;49,9;0
4655;0;99,9;0
4657;0;99,9;0
4659;3;198,32;594,96
4676;0;37,9;0
4681;0;99,9;0
4682;0;280,57;0
4695;1;69,99;69,99
4698;1;17,9;17,9
4708;0;134,03;0
4710;2;63,9;127,8
4711;0;42,16;0
4712;0;79,9;0
4715;0;290,25;0
4716;1;34,9;34,9
4725;0;19,9;0
4739;0;184;0
4765;0;12,32;0
4770;0;31,9;0
4775;0;36,11;0
4776;0;16,2;0
4779;0;84,9;0
4780;2;39,9;79,8
4782;0;13,9;0
4783;0;17;0
4788;1;163,12;163,12
4789;0;16,9;0
4790;0;19,9;0
4801;3;64,9;194,7
4802;1;219,9;219,9
4803;0;26,9;0
4804;0;41,91;0
4807;0;44,9;0
4818;0;209,9;0
4819;1;184,9;184,9
4820;0;19,9;0
4821;2;19,9;39,8
4828;0;79,9;0
4830;0;24,28;0
4838;4;33,71;134,84
4839;0;69,99;0
4840;0;18,42;0
4852;0;91,19;0
4854;0;47,9;0
4857;4;24,61;98,44
4878;4;258,9;1035,6
4880;4;179,9;719,6
4881;0;49,9;0
4883;0;19,9;0
4884;0;12,99;0
4889;0;23,88;0
4890;0;11,58;0
4928;0;53,62;0
4939;0;44,9;0
4947;0;39,9;0
4949;0;72,21;0
4950;0;19,78;0
4957;0;5,9;0
4976;1;239,9;239,9
4977;1;54,83;54,83
4978;0;36,9;0
4981;0;39,95;0
4982;0;76,53;0
4983;1;55,18;55,18
4998;2;79,89;159,78
4999;0;8,5;0
5000;0;49,9;0
5028;0;149,9;0
5029;0;69,9;0
5030;0;21,9;0
5035;0;49,9;0
5036;2;60,64;121,28
5037;0;39,99;0
5038;0;39,9;0
5044;0;98,98;0
5045;17;14,08;239,36
5046;28;11,99;335,72
5047;39;11,9;464,1
5052;1;62,59;62,59
5057;0;14,14;0
5078;0;99,9;0
5079;0;176,26;0
5084;0;29,9;0
5115;1;11,71;11,71
5122;4;15,25;61
5123;1;79,9;79,9
5124;1;419,9;419,9
5127;6;127,18;763,08
5152;0;38,8;0
5159;4;12,14;48,56
5180;0;50,4;0
5182;0;37,25;0
5191;0;263,9;0
5192;0;38,35;0
5193;2;61,34;122,68
5194;0;20;0
5195;0;34,16;0
5213;1;40,94;40,94
5214;0;38,74;0
5249;0;26,58;0
5250;3;77,17;231,51
5254;1;94,29;94,29
5263;4;76,47;305,88
5264;6;53,85;323,1
5266;1;36,29;36,29
5286;0;139,9;0
5287;2;93,86;187,72
5297;5;25,72;128,6
5298;0;69,56;0
5299;0;93,34;0
5332;1;32,35;32,35
5339;0;295;0
5346;0;22,9;0
5356;2;12,61;25,22
5358;0;95,56;0
5364;0;79,9;0
5365;0;62,99;0
5366;0;17,97;0
5367;4;21,57;86,28
5371;2;59,84;119,68
5376;3;58,97;176,91
5381;0;14,9;0
5382;3;31,14;93,42
5383;0;38,73;0
5385;2;12,42;24,84
5390;0;73;0
5405;7;82,33;576,31
5406;0;82,58;0
5407;0;54,74;0
5408;0;12,95;0
5428;8;79,9;639,2
5433;0;10,89;0
5434;0;89,9;0
5436;0;69,9;0
5439;1;12,83;12,83
5458;0;169,9;0
5459;0;239,9;0
5460;0;25,9;0
5465;1;79,9;79,9
5472;0;35,43;0
5473;0;86,91;0
5474;2;235,91;471,82
5479;1;33,42;33,42
5480;0;17,91;0
5481;1;44,9;44,9
5491;0;61,38;0
5508;1;40,53;40,53
5511;0;64,31;0
5512;0;41,48;0
5513;0;78,5;0
5514;0;10,99;0
5516;0;49,9;0
5526;0;21,99;0
5531;2;21,65;43,3
5532;0;109,9;0
5533;0;18,18;0
5543;3;105,34;316,02
5544;1;59,8;59,8
5547;0;75,9;0
5548;1;79,9;79,9
5549;0;69;0
5550;3;39,9;119,7
5552;0;80,62;0
5555;0;20,91;0
5573;0;84;0
5577;0;139,9;0
5578;1;92,99;92,99
5579;1;10,25;10,25
5580;4;132,91;531,64
5587;0;102,9;0
5594;3;215,9;647,7
5597;0;49;0
5599;0;24;0
5601;1;69,9;69,9
5602;0;9,9;0
5603;0;0,1;0
5604;3;26;78
5605;0;26;0
5606;0;59,9;0
5607;2;59,9;119,8
5608;0;40,05;0
5609;1;44,9;44,9
5610;2;11,62;23,24
5611;1;103;103
5612;1;48,91;48,91
5613;1;103;103
5614;0;127,94;0
5615;2;18,5;37
5618;0;10,09;0
5619;0;24,22;0
5624;1;150,58;150,58
5625;2;79,9;159,8
5626;0;169,58;0
5629;0;12,98;0
5630;1;64,2;64,2
5631;0;159,9;0
5635;1;51,6;51,6
5640;7;98,69;690,83
5641;0;72,11;0
5643;2;58,92;117,84
5648;1;59,54;59,54
5652;0;79,9;0
5654;0;44,58;0
5659;0;47,24;0
5660;0;179,9;0
5661;0;10,74;0
5662;0;7,49;0
5663;0;15,38;0
5670;0;129;0
5672;0;159,9;0
5673;0;55,54;0
5688;0;102,61;0
5689;1;120,3;120,3
5695;0;16,57;0
5696;0;79,9;0
5711;0;375;0
5713;0;38,89;0
5717;4;69,9;279,6
5720;2;199,9;399,8
5721;0;27,81;0
5730;2;25,06;50,12
5731;0;63,91;0
5734;0;179,9;0
5735;0;148;0
5736;0;23,49;0
5741;0;49,9;0
5743;0;16,56;0
5754;0;34,25;0
5763;6;69,9;419,4
5764;12;33,88;406,56
5765;0;139,9;0
5774;1;5,88;5,88
5786;1;153,87;153,87
5787;1;79;79
5794;0;19,33;0
5795;1;31,86;31,86
5796;5;14,88;74,4
5817;1;28,33;28,33
5825;0;46,39;0
5827;0;45;0
5829;0;16,64;0
5833;0;149,99;0
5834;4;47,87;191,48
5892;2;113,03;226,06
5893;0;12,56;0
5898;1;34,9;34,9
5908;0;19,93;0
5909;1;38,05;38,05
5912;0;11,18;0
5924;0;37,95;0
5926;0;8,21;0
5930;0;25,73;0
5936;0;10,74;0
5943;0;114,9;0
5946;0;47,9;0
5947;3;81,86;245,58
5948;0;58;0
5949;0;132,74;0
5950;0;41,71;0
5954;0;17,11;0
5957;2;39,54;79,08
5961;11;15,97;175,67
5969;2;16,55;33,1
5972;0;16,93;0
5973;0;58,76;0
5975;0;19,86;0
5977;0;120;0
5978;0;138,55;0
5979;0;30,02;0
5992;0;133,22;0
6000;5;70,96;354,8
6001;1;31,9;31,9
6002;3;16,96;50,88
6006;3;46,97;140,91
6007;0;59,9;0
6062;0;19,18;0
6063;0;51,82;0
6065;0;227,39;0
6070;0;179,99;0
6071;1;68,84;68,84
6072;0;63;0
6073;1;169,45;169,45
6074;0;59,9;0
6081;0;17,97;0
6082;0;139,9;0
6083;0;15,2;0
6084;0;21,93;0
6086;0;15,07;0
6099;4;116,16;464,64
6100;0;22,07;0
6109;0;35,47;0
6111;0;41,53;0
6113;0;34,9;0
6119;0;79,9;0
6120;2;12,33;24,66
6124;1;43,48;43,48
6125;2;29,9;59,8
6127;1;65,3;65,3
6129;0;59,9;0
6131;0;57,31;0
6138;0;46,72;0
6139;0;11,52;0
6140;0;33,39;0
6150;0;369,9;0
6155;0;29,89;0
6159;1;139,9;139,9
6167;0;29,65;0
6168;1;11,95;11,95
6169;0;51,55;0
6170;1;247,79;247,79
6171;0;38,08;0
6182;0;77,38;0
6185;0;53;0
6187;1;94,6;94,6
6191;2;54,9;109,8
6192;1;79,9;79,9
6193;0;75,98;0
6194;0;48,25;0
6198;0;21,37;0
6199;0;8,34;0
6202;0;14,47;0
6203;0;54,56;0
6206;0;20,51;0
6207;3;9;27
6209;0;22,08;0
6210;0;10,8;0
6211;0;39,74;0
6212;0;43,18;0
6213;0;33,17;0
6216;0;49,38;0
6225;1;10,65;10,65
6228;0;159,3;0
6229;3;114,97;344,91
6230;0;78,39;0
6236;0;36,95;0
6237;0;21,03;0
6238;0;199,9;0
6241;0;15,73;0
6244;1;12,53;12,53
6245;5;36,9;184,5
6260;0;77,31;0
6265;0;89,05;0
6266;0;88,54;0
6270;1;17,15;17,15
6273;1;299,9;299,9
6274;0;109,9;0
6286;0;13,86;0
6300;0;95;0
6305;7;13,31;93,17
6306;0;59,54;0
6307;0;38;0
6309;1;28,76;28,76
6330;0;38,36;0
6334;0;116,91;0
6335;0;24,88;0
6355;1;92,38;92,38
6385;0;195;0
6399;0;20,74;0
6412;0;54,9;0
6413;0;29,9;0
6414;0;55,39;0
6450;0;51,12;0
6451;0;58,58;0
6458;2;14,81;29,62
6461;0;15,2;0
6464;0;59,9;0
6472;0;18,74;0
6476;0;62,56;0
6478;0;32,9;0
6721;1;40,63;40,63
6931;0;15,99;0
6948;0;21,63;0
7041;0;319,9;0
7043;0;309,9;0
7044;0;45,51;0
7049;7;116,83;817,81
7056;1;129,9;129,9
7060;2;199,9;399,8
7062;0;15,9;0
7069;3;39,9;119,7
7070;0;99,9;0
7071;2;44,9;89,8
7072;0;179,9;0
7073;0;79,9;0
7074;1;44,3;44,3
7191;0;18,99;0
7197;0;38,4;0
7199;0;41,52;0
7200;1;45,16;45,16
7209;1;293,08;293,08
7210;0;54,9;0
7211;0;169,9;0
7212;0;59,9;0
7213;0;89,9;0
7214;1;20,12;20,12
7215;0;13,54;0
7218;0;26,01;0
7222;3;21,2;63,6
7223;0;54,8;0
7237;0;24,44;0
7265;1;47,22;47,22
7267;0;69,9;0
7272;0;143,75;0
7274;0;28,61;0
7275;0;50,28;0
7276;1;239,9;239,9
7277;0;44,9;0
7280;0;42,67;0
7284;0;130;0
7326;2;615,92;1231,84
7327;5;185,41;927,05
7328;0;125,89;0
7329;0;44,9;0
7330;1;75,84;75,84
7331;0;119,9;0
7332;2;169,9;339,8
7338;1;619,9;619,9
7372;0;22,03;0
7419;0;22,96;0
7426;2;47,76;95,52
7435;0;109,9;0
7440;2;47,84;95,68
7446;0;74,9;0
7456;4;149,9;599,6
7472;0;39,4;0
7481;0;24,49;0
7482;0;19,05;0
7483;0;30,34;0
7484;0;57,39;0
7485;1;31,26;31,26
7486;0;61,31;0
7491;0;65,84;0
7498;0;11,89;0
7500;0;37,23;0
7501;0;43,85;0
7532;1;11,82;11,82
7564;8;176,61;1412,88
7584;1;119,9;119,9
7586;0;47,9;0
7587;4;79,81;319,24
7590;0;36,63;0
7591;0;62,54;0
7595;0;98,27;0
7597;0;22,75;0
7601;13;11,23;145,99
7644;1;27,68;27,68
7650;1;34,48;34,48
7651;0;41,29;0
7675;1;64,15;64,15
7676;3;58,76;176,28
7680;0;9,48;0
7681;0;35,15;0
7686;0;16,6;0
7687;1;12,28;12,28
7691;0;13,47;0
7694;0;21,57;0
7695;0;55,42;0
7698;0;419,9;0
7699;0;199,9;0
7705;0;24,9;0
7706;3;17,9;53,7
7716;0;48,91;0
7717;0;80,18;0
7728;0;74,9;0
7729;0;42,92;0
7750;0;36,07;0
7753;1;14,46;14,46
7754;0;19,45;0
7755;0;20,27;0
7761;0;32,49;0
7762;0;435;0
7781;0;31,9;0
7782;0;58,91;0
7783;0;49,9;0
7804;0;36,69;0
7811;1;10,79;10,79
7817;4;34,9;139,6
7818;3;129,9;389,7
7819;0;129,73;0
7824;0;10,16;0
7827;0;24,36;0
7828;0;33,28;0
7830;0;63,95;0
7842;0;169,9;0
7843;0;56,87;0
7845;1;69,7;69,7
7846;2;109,9;219,8
7849;0;99,9;0
7855;0;33,98;0
7858;0;47,99;0
7865;0;129,9;0
7866;0;40,43;0
7867;0;19,12;0
7868;0;48,62;0
7869;0;250;0
7872;0;218,05;0
7888;2;491,9;983,8
7906;4;103,67;414,68
7907;0;28,98;0
7915;0;124,35;0
7953;0;249,9;0
7954;4;207,8;831,2
7956;0;10,5;0
7957;0;19,53;0
7959;0;11,57;0
7970;0;169,9;0
7975;6;213,45;1280,7
7976;1;136,89;136,89
7977;0;72,9;0
7978;0;9,7;0
7980;0;23;0
7982;0;93,25;0
7991;0;89,9;0
8004;4;38,28;153,12
8009;4;84,9;339,6
8010;1;109,9;109,9
8011;2;249,9;499,8
8012;0;127,63;0
8013;0;44,9;0
8014;2;149,9;299,8
8020;2;50,9;101,8
8021;0;20,01;0
8022;0;48,76;0
8023;0;39,17;0
8026;6;105,42;632,52
8029;0;17,31;0
8031;0;22,9;0
8033;0;14,71;0
8034;2;17,22;34,44
8035;0;64,66;0
8036;1;79,9;79,9
8037;0;23,9;0
8038;0;15,54;0
8039;0;56,93;0
8055;0;65,55;0
8066;0;67,06;0
8071;0;57,97;0
8072;0;149,9;0
8077;1;84,9;84,9
8079;0;14,46;0
8080;1;15,59;15,59
8081;0;71,02;0
8083;0;39,92;0
8115;0;17,35;0
8133;0;206,79;0
8134;0;119,99;0
8138;0;53,9;0
8140;0;63,92;0
8174;0;59,9;0
8180;0;31;0
8181;0;188,45;0
8183;0;49,9;0
8184;0;45;0
8185;0;14,9;0
8187;0;28,9;0
8188;0;11,79;0
8191;3;51,83;155,49
8206;0;25,01;0
8218;6;33,16;198,96
8219;2;119,9;239,8
8224;0;37,22;0
8225;0;37,9;0
8226;0;249,9;0
8230;1;33,4;33,4
8233;0;52,83;0
8234;5;48,04;240,2
8235;0;21,19;0
8239;0;57,31;0
8240;4;63,91;255,64
8241;0;35,9;0
8242;0;51,91;0
8246;0;10,9;0
8247;0;26,9;0
8248;0;18,78;0
8266;0;44,29;0
8267;1;56,15;56,15
8268;6;76,94;461,64
8269;1;89,9;89,9
8270;1;286,26;286,26
8276;0;199,9;0
8301;0;57,01;0
8303;0;99,9;0
8304;2;170,04;340,08
8305;3;149,9;449,7
8306;1;65,99;65,99
8307;2;29,9;59,8
8308;0;44,9;0
8309;6;13,07;78,42
8310;0;25,91;0
8311;0;49,61;0
8312;0;133,58;0
8314;0;25,44;0
8317;1;215;215
8319;1;99,9;99,9
8320;1;137,02;137,02
8322;0;60,8;0
8323;2;415,9;831,8
8324;3;129,9;389,7
8325;4;75,49;301,96
8328;1;34,9;34,9
8329;3;13,36;40,08
8335;0;33;0
8336;0;18,82;0
8339;0;169,9;0
8340;0;59,9;0
8341;1;49,99;49,99
8342;0;14,71;0
8343;2;143,07;286,14
8344;8;70,64;565,12
8346;1;107,75;107,75
8347;0;176;0
8348;0;79,9;0
8349;4;56,9;227,6
8350;0;37,32;0
8351;0;39,9;0
8352;2;19,9;39,8
8353;0;35,11;0
8356;6;76,49;458,94
8357;2;19,9;39,8
8358;0;54,9;0
8359;2;49,99;99,98
8362;2;127,95;255,9
8363;1;33,3;33,3
8364;0;14,77;0
8365;1;64,9;64,9
8367;0;23,77;0
8368;0;59,23;0
8370;0;89,9;0
8375;0;239,9;0
8376;0;146,59;0
8377;0;129,9;0
8381;0;10,02;0
8382;2;69,9;139,8
8385;0;58,5;0
8390;1;79,9;79,9
8391;0;119,9;0
8395;0;34,9;0
8401;0;109,9;0
8402;0;42,84;0
8403;0;9,28;0
8404;0;45;0
8405;0;115,9;0
8406;0;79,9;0
8407;0;114;0
8411;0;31,84;0
8414;2;24,12;48,24
8415;0;49,9;0
8416;1;69,9;69,9
8417;1;114,9;114,9
8418;6;59,94;359,64
8419;2;32,37;64,74
8421;3;28,88;86,64
8429;0;24;0
8435;0;87,9;0
8436;1;22,9;22,9
8472;0;33,48;0
8476;0;43;0
8480;2;31,9;63,8
8492;2;69,9;139,8
8493;0;360,38;0
8500;0;119,9;0
8503;1;49,9;49,9
8504;2;63,91;127,82
8505;0;53,2;0
8506;0;147,9;0
8507;7;49,9;349,3
8509;0;32,25;0
8510;0;35,17;0
8537;3;22,15;66,45
8538;2;247,49;494,98
8541;0;12,54;0
8543;1;39,46;39,46
8544;0;28,57;0
8547;3;38,87;116,61
8548;0;239,9;0
8549;1;79,9;79,9
8550;0;189,91;0
8552;0;49,56;0
8567;0;22,9;0
8569;0;88;0
8570;1;78;78
8571;0;22,11;0
8579;0;38;0
8580;0;9,67;0
8582;4;50,71;202,84
8614;0;32,58;0
8617;0;0;0
8621;0;39,9;0
8622;0;64,9;0
8625;0;89,9;0
8643;0;181,13;0
8656;0;179,9;0
8659;0;48,95;0
8662;0;59,9;0
8664;3;64,8;194,4
8701;3;18,61;55,83
8704;7;73,29;513,03
8705;0;129,9;0
8706;1;144,9;144,9
8707;0;109,9;0
8708;0;40,91;0
8709;3;16,11;48,33
8710;1;46,9;46,9
8712;0;5,99;0
8713;1;51,88;51,88
8714;0;79,89;0
8715;2;71,59;143,18
8716;0;145;0
8718;0;62,83;0
8719;0;85,54;0
8722;0;10,82;0
8725;0;26,32;0
8773;0;113,35;0
8774;0;129,9;0
8775;1;39,9;39,9
8777;1;28,65;28,65
8778;0;16,64;0
8779;0;22,35;0
8780;0;109,9;0
8783;2;45,9;91,8
8785;0;24,58;0
8789;0;70,94;0
8824;0;169,9;0
8825;0;48,77;0
8829;0;19,12;0
8832;1;123,91;123,91
8833;1;254,91;254,91
8834;2;46,84;93,68
8835;0;14,06;0
8836;1;213;213
8837;0;199,9;0
8840;2;187,07;374,14
8843;0;79,9;0
8853;1;129,9;129,9
8854;3;92,12;276,36
8855;1;85,79;85,79
8856;0;44,54;0
8857;9;108,36;975,24
8860;7;10,69;74,83
8898;3;46,58;139,74
8899;2;87,92;175,84
8900;0;131,4;0
8908;6;25,72;154,32
8915;0;133,88;0
8918;0;39,58;0
8920;1;54,86;54,86
8921;0;199,9;0
8922;0;129,9;0
8924;1;26,26;26,26
8925;0;23,32;0
8943;1;35,37;35,37
8946;0;148,84;0
8947;4;89,9;359,6
8948;0;109,71;0
8949;1;22,93;22,93
8950;1;15,38;15,38
8955;0;182,88;0
8957;0;37,94;0
8969;1;28,95;28,95
8970;3;54,9;164,7
8991;0;29,9;0
8992;0;124,9;0
8994;0;119,37;0
8995;1;87,61;87,61
9015;0;119,9;0
9016;0;228,9;0
9021;0;42,9;0
9034;0;26,7;0
9046;2;144,49;288,98
9047;0;84,19;0
9048;0;179,9;0
9058;4;8,9;35,6
9081;1;124;124
9082;21;24,62;517,02
9083;1;9,74;9,74
9084;1;25,04;25,04
9085;1;51,69;51,69
9086;0;58,64;0
9087;0;12,9;0
9088;0;239,9;0
9089;0;139,9;0
9090;0;99;0
9091;0;42,19;0
9092;0;37,9;0
9093;0;178,31;0
9094;0;89,9;0
9096;0;12,23;0
9097;0;39,9;0
9098;0;29,9;0
9099;0;59,9;0
9100;0;69,9;0
9109;0;109,9;0
9111;5;129,9;649,5
9113;1;11,75;11,75
9115;0;21,32;0
9119;0;13,1;0
9122;0;111,2;0
9128;0;179,9;0
9129;0;77,16;0
9131;0;18,27;0
9136;0;89,9;0
9137;7;61,21;428,47
9141;1;149,9;149,9
9150;0;89,99;0
9151;1;28,98;28,98
9155;0;89,9;0
9156;0;99,9;0
9157;0;49,36;0
9168;0;27,19;0
9169;1;45,11;45,11
9170;0;79,9;0
9171;2;23;46
9173;0;108,86;0
9174;6;29,31;175,86
9175;3;59,9;179,7
9179;0;36,73;0
9185;0;54,9;0
9186;0;44,9;0
9188;1;78,05;78,05
9204;1;25,62;25,62
9205;0;16,24;0
9207;0;8,8;0
9212;0;19,97;0
9241;0;42,9;0
9244;0;58,5;0
9246;3;20,16;60,48
9247;1;42,68;42,68
9249;0;69,9;0
9250;0;34,9;0
9251;0;44,9;0
9261;0;129,9;0
9262;0;118,62;0
9264;0;54,26;0
9267;8;28,47;227,76
9268;0;18,5;0
9279;3;44,35;133,05
9282;4;79,9;319,6
9283;0;38,2;0
9284;1;60,33;60,33
9285;0;11,9;0
9286;0;16,9;0
9288;0;164,9;0
9291;0;95,18;0
9292;0;44,9;0
9293;0;66,29;0
9314;4;156,23;624,92
9315;1;60,85;60,85
9318;6;83,87;503,22
9319;0;44,9;0
9320;0;199,9;0
9321;0;10,33;0
9322;0;103,47;0
9323;0;13,83;0
9333;5;41,9;209,5
9335;0;39,9;0
9338;0;43,14;0
9339;0;14,88;0
9350;0;36,37;0
9351;0;67,24;0
9352;3;101,01;303,03
9353;0;8,45;0
9354;1;18,07;18,07
9355;0;0;0
9356;3;86,83;260,49
9357;1;69,9;69,9
9396;0;17,26;0
9398;0;24,3;0
9399;0;124,15;0
9400;1;199,9;199,9
9401;1;179,9;179,9
9402;0;10,96;0
9420;0;219,91;0
9421;0;99,9;0
9422;0;31,9;0
9423;1;17,88;17,88
9424;0;12,89;0
9428;0;79,9;0
9429;2;45,73;91,46
9430;1;14,72;14,72
9435;5;149,89;749,45
9436;0;59,9;0
9437;3;18,9;56,7
9438;0;11,13;0
9439;0;23,9;0
9440;0;19,9;0
9441;6;34,52;207,12
9442;0;28,9;0
9445;0;37,8;0
9446;1;99,9;99,9
9447;3;149,9;449,7
9448;0;69,9;0
9450;1;669,9;669,9
9451;2;11,5;23
9458;0;16,73;0
9461;0;149,99;0
9462;0;251,63;0
9463;0;129,9;0
9464;0;89,85;0
9474;1;190,33;190,33
9475;0;35,9;0
9476;2;91,04;182,08
9477;0;18,9;0
9482;1;49,9;49,9
9483;0;99,9;0
9484;2;49,99;99,98
9485;0;85,71;0
9490;5;39,89;199,45
9491;1;14,9;14,9
9493;3;177,54;532,62
9494;0;59,9;0
9498;0;173,28;0
9499;0;15,47;0
9500;9;40,41;363,69
9503;2;49,89;99,78
9504;0;36,9;0
9505;2;129,9;259,8
9506;2;139,9;279,8
9507;3;69,89;209,67
9508;3;177,78;533,34
9510;1;55,22;55,22
9511;0;25,44;0
9515;0;54,17;0
9516;0;44,92;0
9522;5;9,6;48
9527;0;49,99;0
9538;0;99,9;0
9539;2;11,9;23,8
9540;1;40,44;40,44
9542;0;645;0
9552;2;13,75;27,5
9553;0;19,27;0
9554;0;59,9;0
9557;0;83,12;0
9560;0;129,9;0
9561;0;263,99;0
9562;0;7,5;0
9563;3;26,9;80,7
9564;0;220,91;0
9566;4;40,83;163,32
9568;0;44,9;0
9569;0;18,9;0
9570;14;16,21;226,94
9571;0;270;0
9572;1;195,46;195,46
9573;0;88,9;0
9576;1;145,5;145,5
9579;3;215,9;647,7
9581;0;28,46;0
9582;0;78,46;0
9585;8;21,65;173,2
9591;1;18,9;18,9
9595;0;11;0
9596;0;27,2;0
9602;0;18,5;0
9616;0;74,9;0
9620;0;14,49;0
9621;0;39,99;0
9622;3;15,46;46,38
9624;0;43,34;0
9625;0;121,91;0
9626;0;79,9;0
9627;4;37,8;151,2
9628;6;60,7;364,2
9633;4;72,81;291,24
9651;2;109,9;219,8
9652;0;14,9;0
9660;2;36,91;73,82
9661;0;183,2;0
9668;0;54,9;0
9669;0;34,9;0
9686;0;66,8;0
9696;0;79,9;0
9697;5;116,99;584,95
9698;2;272,62;545,24
9699;0;54,9;0
9700;0;74,9;0
9701;1;104,9;104,9
9702;0;50,12;0
9703;0;16;0
9704;0;199,9;0
9711;0;17,43;0
9719;1;21,02;21,02
9720;8;57,64;461,12
9721;2;67,7;135,4
9722;0;30,1;0
9723;2;11,9;23,8
9724;1;89,9;89,9
9727;1;39;39
9728;2;81,27;162,54
9729;0;14,65;0
9731;0;18,1;0
9750;2;53,91;107,82
9751;2;213;426
9752;0;47;0
9753;3;192,48;577,44
9754;1;199,9;199,9
9755;0;89,9;0
9756;0;109,9;0
9767;0;77,34;0
9769;0;26,23;0
9770;0;11,53;0
9771;0;21,76;0
9781;24;12,38;297,12
9853;3;62,51;187,53
9857;2;59,9;119,8
9858;0;59,9;0
9859;0;49,99;0
9860;2;299,88;599,76
9861;2;35,75;71,5
9862;1;379,9;379,9
9879;0;75;0
9880;0;89,9;0
9881;0;39,99;0
9895;0;19,99;0
9896;0;99,9;0
9899;0;35,67;0
9901;0;45;0
9902;45;126,86;5708,7
9903;13;167,25;2174,25
9905;4;33,49;133,96
9909;3;160,31;480,93
9915;1;168,9;168,9
9922;2;329,91;659,82
9923;1;119,86;119,86
9924;0;59,9;0
9926;0;51,73;0
9957;2;14,9;29,8
9959;0;29,11;0
9960;0;20,62;0
9961;87;8,73;759,51
9983;1;129,9;129,9
9984;0;70,91;0
9985;3;17;51
9990;28;10,01;280,28
10012;3;19,99;59,97
10013;0;73,16;0
10015;1;53,16;53,16
10017;32;9,61;307,52
10018;1;15,93;15,93
10019;1;207,03;207,03
10020;1;364,78;364,78
10029;0;169,9;0
10030;0;84,9;0
10032;0;10,32;0
10037;1;59,9;59,9
10040;3;27,1;81,3
10072;3;19,9;59,7
10091;3;70,43;211,29
10092;0;84,9;0
10093;1;259,9;259,9
10094;1;49,89;49,89
10095;0;79,9;0
10097;2;167,93;335,86
10101;0;341,9;0
10103;1;32,51;32,51
10104;0;29,43;0
10114;2;56,09;112,18
10121;0;27,86;0
10129;2;44,6;89,2
10130;0;229,9;0
10131;0;46,9;0
10132;2;289,9;579,8
10142;1;22,53;22,53
10144;2;54,5;109
10145;38;8,71;330,98
10154;1;17,21;17,21
10161;0;23,9;0
10162;0;59,91;0
10168;0;89,91;0
10190;3;28,9;86,7
10204;6;140,9;845,4
10205;0;41,45;0
10207;4;128,23;512,92
10209;3;56,95;170,85
10210;0;10,87;0
10218;7;56,98;398,86
10223;0;199,9;0
10225;0;53,66;0
10228;1;139,9;139,9
10232;0;99,9;0
10240;4;13,56;54,24
10241;5;14,04;70,2
10252;0;34,9;0
10263;5;93,68;468,4
10264;0;45,34;0
10266;0;11,67;0
10269;0;17,95;0
10270;0;167,44;0
10271;0;121,9;0
10278;0;169,9;0
10295;0;142,21;0
10296;0;12,59;0
10297;0;183;0
10323;10;12,9;129
10324;0;84,9;0
10325;0;29,53;0
10326;0;21,44;0
10330;0;127,04;0
10331;1;62,16;62,16
10332;0;99,9;0
10346;0;226,66;0
10349;0;31,75;0
10358;0;109,9;0
10359;2;15,94;31,88
10360;0;32,67;0
10367;0;109,9;0
10368;7;23,69;165,83
10376;4;59,62;238,48
10377;0;129,9;0
10378;0;134,9;0
10379;0;44,2;0
10381;0;29,99;0
10382;0;149,9;0
10383;0;140,52;0
10388;1;15,18;15,18
10391;0;64,9;0
10392;1;89,9;89,9
10394;3;23,83;71,49
10395;0;24,89;0
10396;1;199;199
10398;2;13,05;26,1
10416;0;25,8;0
10417;1;139,9;139,9
10418;1;79,9;79,9
10424;0;129,9;0
10425;0;149,9;0
10426;2;259,9;519,8
10428;0;6,62;0
10429;0;20,86;0
10430;0;75,21;0
10431;0;24,9;0
10432;1;214,11;214,11
10433;5;30,88;154,4
10434;6;66,58;399,48
10435;1;31,9;31,9
10448;0;93;0
10449;6;27,97;167,82
10453;1;49,9;49,9
10454;7;19,14;133,98
10455;25;15,07;376,75
10456;2;39,9;79,8
10459;5;62,28;311,4
10460;2;66,9;133,8
10461;0;40,9;0
10474;0;179,9;0
10475;0;57,9;0
10476;1;55,73;55,73
10479;4;13,57;54,28
10480;1;89,9;89,9
10481;3;46,35;139,05
10482;2;179,9;359,8
10507;1;39,9;39,9
10508;0;25,9;0
10509;0;70,73;0
10515;0;10,03;0
10516;2;49,9;99,8
10517;0;12,76;0
10518;10;15,96;159,6
10519;5;39,9;199,5
10520;2;199,91;399,82
10521;0;31,9;0
10522;1;39,9;39,9
10523;0;21,9;0
10541;0;49,9;0
10542;0;47,33;0
10546;4;169,9;679,6
10547;0;32,9;0
10548;3;41,9;125,7
10549;3;51,82;155,46
10550;2;44,9;89,8
10552;0;7,87;0
10568;2;39,88;79,76
10569;0;101,81;0
10571;3;284,9;854,7
10572;1;12,23;12,23
10574;1;45,11;45,11
10575;1;59,89;59,89
10576;0;49,9;0
10580;2;369,32;738,64
10581;3;19,9;59,7
10582;1;294,21;294,21
10592;1;47,9;47,9
10593;7;14,75;103,25
10602;0;399,9;0
10603;0;19,9;0
10604;0;13,35;0
10605;1;14,41;14,41
10606;0;38,31;0
10607;0;46,57;0
10608;0;140,51;0
10610;0;57,89;0
10623;8;39,9;319,2
10625;1;149,9;149,9
10626;9;11,45;103,05
10627;1;119,9;119,9
10628;1;59,9;59,9
10633;10;23,16;231,6
10634;2;34,49;68,98
10645;4;40,91;163,64
10646;3;169,9;509,7
10647;1;111,3;111,3
10648;1;103,73;103,73
10649;2;64,17;128,34
10650;0;17,77;0
10658;0;21,87;0
10676;0;73;0
10677;5;89,9;449,5
10678;0;23,5;0
10680;1;289,9;289,9
10681;4;69,9;279,6
10682;1;252,74;252,74
10687;3;50,9;152,7
10694;3;84,65;253,95
10695;5;11,95;59,75
10696;4;22,45;89,8
10705;1;19,82;19,82
10706;1;189,9;189,9
10707;0;49,9;0
10710;0;44,91;0
10711;25;18,99;474,75
10712;1;54,9;54,9
10714;1;27,34;27,34
10716;3;36,91;110,73
10717;0;14,9;0
10718;0;126,76;0
10745;0;59,44;0
10759;1;11,68;11,68
10762;2;14,37;28,74
10763;2;89,9;179,8
10764;0;36,99;0
10765;0;16,64;0
10766;1;183,03;183,03
10768;0;59,99;0
10769;4;119,9;479,6
10772;1;41,36;41,36
10773;0;74,93;0
10784;2;49,99;99,98
10785;0;100,48;0
10787;4;69,9;279,6
10788;0;56,3;0
10789;2;13,02;26,04
10801;4;156,76;627,04
10802;2;55,17;110,34
10810;2;64,9;129,8
10811;0;25,25;0
10813;7;18,35;128,45
10818;0;26,9;0
10819;1;40,37;40,37
10824;0;120,99;0
10826;0;39,9;0
10827;3;38,92;116,76
10831;0;389,22;0
10832;0;139,9;0
10835;0;459,9;0
10836;0;139,9;0
10842;0;42,24;0
10843;5;80,01;400,05
10845;0;45,91;0
10858;5;31,79;158,95
10867;0;17,96;0
10873;0;44,12;0
10875;9;78,81;709,29
10876;1;32,81;32,81
10878;1;47,61;47,61
10879;2;299,91;599,82
10897;0;129,9;0
10899;0;78,95;0
10914;1;131,71;131,71
10915;0;43,46;0
10921;0;253,48;0
10935;1;229,9;229,9
10936;3;87,1;261,3
10937;0;34,18;0
10938;1;193,07;193,07
10939;8;156,84;1254,72
10940;13;23,38;303,94
10941;0;109,9;0
10942;0;16,92;0
10945;0;221,9;0
10946;0;97,84;0
10948;0;64,33;0
10971;20;16,3;326
10996;0;23,45;0
10997;3;20,08;60,24
10998;1;35,9;35,9
11000;3;154,9;464,7
11001;1;89,91;89,91
11002;1;124,9;124,9
11003;1;69,9;69,9
11004;1;89,9;89,9
11009;2;75,79;151,58
11015;0;124,9;0
11016;0;369,9;0
11020;2;99,9;199,8
11031;2;109,9;219,8
11036;0;47,23;0
11037;2;89,9;179,8
11038;2;119,9;239,8
11039;0;499,9;0
11048;0;53,5;0
11056;1;88,52;88,52
11057;3;48,21;144,63
11076;2;69,37;138,74
11077;0;39,9;0
11081;4;150,91;603,64
11092;1;59,9;59,9
11120;0;129,9;0
11121;0;259,9;0
11122;2;126,98;253,96
11124;0;389,9;0
11125;0;63,52;0
11141;0;13,56;0
11144;0;52,53;0
11145;0;67,9;0
11152;0;319,99;0
11154;5;17,12;85,6
11160;1;16,12;16,12
11174;0;20,03;0
11224;2;59,9;119,8
11231;0;67,01;0
11235;4;127,1;508,4
11242;2;64,89;129,78
11243;1;39,44;39,44
11244;0;26,96;0
11245;5;99,9;499,5
11246;3;59,9;179,7
11247;2;39,9;79,8
11248;1;117,15;117,15
11249;1;18,58;18,58
11250;0;55,38;0
11255;0;44,5;0
11256;2;44,91;89,82
11257;0;38,02;0
11258;0;45,74;0
11259;2;176,05;352,1
11261;0;48,16;0
11269;2;159,82;319,64
11270;1;329,9;329,9
11276;4;136,83;547,32
11278;12;14,98;179,76
11279;4;9,17;36,68
11280;1;34,16;34,16
11282;0;39,9;0
11296;1;229,9;229,9
11320;1;54,9;54,9
11321;2;50,17;100,34
11322;0;233,06;0
11323;0;32,62;0
11328;26;9,43;245,18
11329;4;118,74;474,96
11347;1;120,51;120,51
11348;6;104,13;624,78
11353;1;50,83;50,83
11354;4;31,11;124,44
11355;1;39,01;39,01
11356;2;22,86;45,72
11364;1;39,9;39,9
11368;1;199,9;199,9
11369;0;128,58;0
11371;0;215,56;0
11372;2;101,98;203,96
11373;1;39,46;39,46
11376;1;8,62;8,62
11377;0;11,27;0
11378;0;10,34;0
11379;3;17,6;52,8
11380;2;79,9;159,8
11381;7;59,05;413,35
11387;0;52,56;0
11389;0;14,97;0
11390;0;19,63;0
11391;0;120,75;0
11392;0;51,95;0
11400;1;127,9;127,9
11407;0;41,37;0
11408;1;29,99;29,99
11410;0;18,9;0
11411;5;49,9;249,5
11412;2;119,9;239,8
11413;3;77,72;233,16
11414;0;48,09;0
11415;8;11,39;91,12
11416;0;15,61;0
11417;0;12,39;0
11424;2;79,9;159,8
11426;1;37,3;37,3
11449;0;19,81;0
11454;1;46,48;46,48
11458;2;59,91;119,82
11459;3;72,4;217,2
11464;0;43,22;0
11466;2;54,39;108,78
11470;0;300,55;0
11471;3;114,21;342,63
11472;3;123,73;371,19
11481;1;27,64;27,64
11482;0;38,45;0
11488;0;209,9;0
11493;0;49,9;0
11494;0;64,12;0
11503;2;11,27;22,54
11504;1;129,9;129,9
11505;0;74,9;0
11506;1;169,9;169,9
11507;1;79,9;79,9
11517;0;79,9;0
11519;0;59,04;0
11522;1;57,79;57,79
11525;4;11,66;46,64
11526;4;18,88;75,52
11527;2;37,9;75,8
11528;2;21,9;43,8
11529;3;37,85;113,55
11536;0;37,6;0
11538;1;74,12;74,12
11539;0;149,9;0
11541;6;39,93;239,58
11546;0;48,45;0
11547;1;189,9;189,9
11548;1;89,9;89,9
11549;1;169,9;169,9
11556;0;27;0
11558;0;64,38;0
11568;0;51,97;0
11569;0;51,69;0
11570;0;9,82;0
11571;0;15,77;0
11572;0;24,53;0
11592;4;287,01;1148,04
11595;0;22,58;0
11607;0;99,9;0
11611;4;30,72;122,88
11618;0;25,13;0
11622;0;20,63;0
11623;1;13,51;13,51
11624;4;17,77;71,08
11627;0;48,02;0
11629;0;11,85;0
11630;1;190,57;190,57
11631;0;59,9;0
11632;2;56,54;113,08
11634;0;43,61;0
11635;0;45,62;0
11650;0;282,29;0
11651;0;18,09;0
11654;1;62,14;62,14
11665;0;159,53;0
11667;0;399,9;0
11668;0;142,72;0
11669;2;85,96;171,92
11670;13;37,39;486,07
11671;3;82,17;246,51
11679;0;20,24;0
11680;0;15,04;0
11689;0;42,19;0
11690;7;61,74;432,18
11692;6;109,9;659,4
11698;2;41,58;83,16
11699;4;54,89;219,56
11700;0;65,93;0
11701;0;69,9;0
11702;8;95,64;765,12
11703;3;73,93;221,79
11704;2;33,98;67,96
11711;4;71,82;287,28
11712;6;35,58;213,48
11713;3;122,38;367,14
11715;0;96,43;0
11716;0;113;0
11726;1;219,36;219,36
11727;2;187,71;375,42
11728;4;60,75;243
11729;3;40;120
11730;2;35,4;70,8
11731;0;31,42;0
11732;0;40,84;0
11733;0;73,41;0
11734;4;51,07;204,28
11737;7;110,22;771,54
11738;3;53,17;159,51
11739;2;30,57;61,14
11740;18;23,85;429,3
11741;7;78,08;546,56
11742;8;26,36;210,88
11743;1;21,91;21,91
11744;0;48,38;0
11745;0;40,02;0
11747;0;11,21;0
11749;6;56,97;341,82
11750;1;39,14;39,14
11751;2;30,56;61,12
11752;0;37,41;0
11753;2;53,08;106,16
11754;1;166,83;166,83
11755;0;20,85;0
11756;0;85,22;0
11758;2;25,4;50,8
11760;7;40,56;283,92
11761;1;194,2;194,2
11762;4;29,19;116,76
11766;1;105,5;105,5
11767;1;249,53;249,53
11771;3;46,66;139,98
11772;7;13,59;95,13
11780;0;16,6;0
11781;0;42,49;0
11782;0;169,9;0
11786;2;107,84;215,68
11787;5;92,32;461,6
11790;5;55,67;278,35
11791;10;31,25;312,5
11792;3;30,5;91,5
11793;17;42,84;728,28
11797;0;16,75;0
11798;1;60,67;60,67
11799;1;55,97;55,97
11800;6;68,27;409,62
11801;5;59,65;298,25
11802;2;71,77;143,54
11805;0;13,35;0
11806;2;62,84;125,68
11807;6;32,4;194,4
11811;2;147,72;295,44
11822;2;105,55;211,1
11823;0;55,83;0
11824;2;116,91;233,82
11825;2;89,76;179,52
11826;2;50,26;100,52
11827;0;49,97;0
11828;4;93,29;373,16
11829;3;134,28;402,84
11830;4;259,91;1039,64
11831;0;29,57;0
11832;0;12,5;0
11833;0;44,32;0
11834;0;48,66;0
11835;3;72,16;216,48
11836;0;98,75;0
11837;0;89,69;0
11838;7;32,8;229,6
11839;0;226,54;0
11840;5;35,32;176,6
11841;0;42,61;0
11842;4;37,11;148,44
11843;0;9,3;0
11844;0;13,75;0
11845;0;12,39;0
11846;0;24,08;0
11847;4;117,73;470,92
11848;0;46,59;0
11849;2;180,67;361,34
11850;1;101,14;101,14
11852;11;77,68;854,48
11853;0;12,37;0
11854;0;26,52;0
11855;0;239,9;0
11856;5;137,13;685,65
11858;48;14,81;710,88
11859;2;36,71;73,42
11860;0;16,67;0
11861;7;60,98;426,86
11862;9;19,2;172,8
11863;0;24,23;0
11864;0;76,64;0
11865;0;45,07;0
11866;2;52,66;105,32
11867;2;25,9;51,8
11868;0;41,84;0
11869;1;31,5;31,5
11870;0;24;0
11872;2;47,85;95,7
11874;3;16,54;49,62
11875;0;21,28;0
11876;13;20,17;262,21
11877;0;99,99;0
11878;6;132,84;797,04
11881;0;133,83;0
11886;0;20,56;0
11888;0;86,55;0
11889;8;52,26;418,08
11894;0;91,55;0
11898;2;105,3;210,6
11899;2;53,09;106,18
11900;0;26,45;0
11907;2;55,14;110,28
11908;1;37,33;37,33
11909;2;35,76;71,52
11910;3;52,55;157,65
11911;1;46,22;46,22
11912;1;10,9;10,9
11913;0;11,01;0
11914;0;43,65;0
11921;0;11,1;0
11922;1;39,9;39,9
11923;0;141,87;0
11924;0;35,41;0
11925;6;42,61;255,66
11939;0;799,9;0
11940;0;14,58;0
11942;3;114,9;344,7
11943;2;184,21;368,42
11944;3;76,82;230,46
11945;3;214,03;642,09
11947;1;29,99;29,99
11952;0;115,9;0
11953;0;232,9;0
11958;3;139,9;419,7
11961;1;83,68;83,68
11962;1;199,89;199,89
11963;1;489,9;489,9
11965;0;206,82;0
11966;2;229,42;458,84
11974;4;24,49;97,96
11977;6;39,9;239,4
11978;2;181,9;363,8
11979;4;97,9;391,6
11980;0;10,66;0
11981;12;77,94;935,28
11982;2;90,99;181,98
11983;2;55,11;110,22
11984;0;157,15;0
11994;6;71,55;429,3
11995;0;26,5;0
11996;0;26,67;0
11999;1;93,89;93,89
12000;1;39,9;39,9
12007;1;112,38;112,38
12008;3;53,26;159,78
12009;0;40,29;0
12010;4;34,89;139,56
12011;3;31,56;94,68
12012;2;68,98;137,96
12015;4;68,59;274,36
12016;2;233,98;467,96
12019;2;93,85;187,7
12020;3;14,51;43,53
12021;1;54,14;54,14
12023;19;12,66;240,54
12025;1;14,21;14,21
12026;0;42,74;0
12027;1;259,9;259,9
12028;2;23,24;46,48
12029;2;20,66;41,32
12030;9;24,03;216,27
12032;3;140;420
12035;0;85;0
12036;0;59,9;0
12037;0;19,17;0
12039;0;18,93;0
12040;10;30,8;308
12041;4;30,74;122,96
12042;3;11,76;35,28
12043;1;46,58;46,58
12044;1;46,78;46,78
12048;0;40,42;0
12049;0;50,26;0
12050;6;89,84;539,04
12051;3;12,95;38,85
12053;1;46,01;46,01
12056;0;17,64;0
12057;7;16,08;112,56
12058;0;14,99;0
12059;3;69,29;207,87
12060;2;203,3;406,6
12062;7;16,9;118,3
12063;3;96,9;290,7
12064;2;46,41;92,82
12065;2;180,11;360,22
12066;1;71,57;71,57
12068;0;70,34;0
12069;0;111,99;0
12070;1;49,9;49,9
12072;4;278,3;1113,2
12073;1;42,9;42,9
12074;1;33,99;33,99
12075;0;101,14;0
12076;2;80,22;160,44
12078;2;26,9;53,8
12079;0;34,88;0
12080;6;80,07;480,42
12081;2;95;190
12084;6;70,51;423,06
12106;0;25,78;0
12107;0;18,96;0
12111;1;109,9;109,9
12114;2;419,46;838,92
12115;3;145,58;436,74
12116;1;229,28;229,28
12117;0;39,91;0
12119;0;5,91;0
12121;6;39,9;239,4
12122;9;34,1;306,9
12123;1;35,25;35,25
12127;1;46,11;46,11
12128;1;100,05;100,05
12139;0;53,14;0
12140;3;47,14;141,42
12141;0;17,4;0
12143;2;137,61;275,22
12144;0;60,43;0
12145;2;86,94;173,88
12147;0;35,03;0
12148;0;73,75;0
12149;6;10,74;64,44
12150;4;45,11;180,44
12151;2;66,76;133,52
12155;0;33,06;0
12156;0;22,43;0
12157;8;17,36;138,88
12158;0;49,99;0
12159;3;69,16;207,48
12160;7;36,08;252,56
12161;3;23,6;70,8
12165;1;151,75;151,75
12166;1;9,42;9,42
12168;0;60,54;0
12170;0;71,43;0
12171;6;24,58;147,48
12177;0;29,77;0
12180;3;25,57;76,71
12181;1;45,46;45,46
12182;0;71,35;0
12183;6;26,02;156,12
12184;2;75,01;150,02
12185;2;28,76;57,52
12186;8;13,4;107,2
12187;1;143,85;143,85
12188;1;11,05;11,05
12189;0;11,85;0
12190;0;11,05;0
12193;3;26,3;78,9
12194;0;15,64;0
12195;0;61,69;0
12204;0;181,38;0
12229;0;98,36;0
12238;3;115,73;347,19
12244;2;134,32;268,64
12248;0;95,34;0
12249;0;91,34;0
12250;2;42,98;85,96
12263;0;22,64;0
12264;8;46,26;370,08
12265;0;68,77;0
12267;3;54,9;164,7
12268;2;49,9;99,8
12269;3;64,54;193,62
12273;6;35,58;213,48
12274;2;128,42;256,84
12276;3;61,62;184,86
12277;3;17,32;51,96
12283;2;13,41;26,82
12286;3;29,53;88,59
12288;3;12,99;38,97
12290;0;9,63;0
12292;0;28,45;0
12293;7;29,06;203,42
12296;0;9,44;0
12298;1;36,35;36,35
12301;1;11,67;11,67
12306;7;12,54;87,78
12308;6;78,31;469,86
12309;1;45,09;45,09
12310;2;79,99;159,98
12311;1;25,4;25,4
12312;4;29,91;119,64
12313;0;209,9;0
12314;0;79,8;0
12315;0;34,1;0
12330;0;51,71;0
12331;2;56,37;112,74
12332;1;149,9;149,9
12333;1;89,9;89,9
12334;0;39,82;0
12344;0;265,94;0
12349;2;154,88;309,76
12350;0;39,49;0
12351;0;179,9;0
12352;2;61,86;123,72
12353;2;30;60
12354;0;25,5;0
12355;0;21,63;0
12357;1;269,9;269,9
12358;0;17,9;0
12361;2;33,9;67,8
12365;1;46,32;46,32
12366;3;80,22;240,66
12367;0;24,9;0
12368;0;24,56;0
12369;1;109,9;109,9
12370;3;39,9;119,7
12371;7;38,38;268,66
12377;0;21,24;0
12379;1;37,59;37,59
12381;0;38,38;0
12382;0;33,29;0
12384;6;132,38;794,28
12385;1;94,72;94,72
12386;0;103,4;0
12397;1;56,76;56,76
12398;3;54,09;162,27
12400;2;79,9;159,8
12401;3;33,98;101,94
12402;3;39,25;117,75
12405;2;29,9;59,8
12406;6;74,9;449,4
12409;8;65,68;525,44
12410;0;25,09;0
12420;0;27,16;0
12422;1;124,91;124,91
12423;0;299,9;0
12428;2;74,9;149,8
12429;1;109,9;109,9
12430;2;59,9;119,8
12431;6;14,9;89,4
12443;1;81,42;81,42
12447;2;16,9;33,8
12448;0;49,7;0
12454;4;46,9;187,6
12455;1;34,45;34,45
12456;2;111,06;222,12
12458;0;64,53;0
12460;6;50,81;304,86
12462;0;207,8;0
12463;0;48,06;0
12468;22;11,83;260,26
12469;3;36,01;108,03
12470;2;29,9;59,8
12472;0;21,54;0
12473;0;15,84;0
12478;1;85,23;85,23
12479;2;295,61;591,22
12480;2;37,84;75,68
12483;3;19,99;59,97
12485;11;164,78;1812,58
12486;2;152,6;305,2
12487;0;18,9;0
12491;4;17,16;68,64
12494;1;656,22;656,22
12495;2;22,9;45,8
12496;0;63,4;0
12497;2;120,14;240,28
12498;0;87,44;0
12500;2;67,05;134,1
12501;2;26,9;53,8
12502;0;69,99;0
12510;5;14,2;71
12512;6;38,39;230,34
12513;1;136,81;136,81
12514;2;56,71;113,42
12515;1;170,21;170,21
12519;0;51,45;0
12520;3;13,32;39,96
12521;0;34,9;0
12522;7;98,64;690,48
12523;5;70,85;354,25
12525;2;14,54;29,08
12526;2;24,95;49,9
12527;0;389,9;0
12528;0;149,9;0
12529;5;22,59;112,95
12532;2;34,99;69,98
12539;0;16,4;0
12543;6;64,91;389,46
12544;0;45,22;0
12545;7;78,07;546,49
12546;4;37,41;149,64
12547;3;58,54;175,62
12548;6;64,5;387
12549;2;64,17;128,34
12552;0;34,36;0
12554;4;14,01;56,04
12556;5;80,98;404,9
12557;5;41,39;206,95
12558;4;96,27;385,08
12559;3;71,13;213,39
12562;0;53,97;0
12563;1;89,64;89,64
12565;2;92,48;184,96
12566;0;92,05;0
12568;0;66,98;0
12569;0;148,95;0
12570;0;12,15;0
12571;7;45,52;318,64
12572;6;55,72;334,32
12573;2;179,9;359,8
12576;1;21,01;21,01
12579;6;36,01;216,06
12580;1;73,86;73,86
12581;4;406,93;1627,72
12582;0;159,9;0
12583;1;16,17;16,17
12586;2;180,67;361,34
12587;1;32,99;32,99
12588;0;40,38;0
12589;4;140,68;562,72
12591;3;48,64;145,92
12593;2;199,99;399,98
12599;1;184,9;184,9
12600;0;9,9;0
12603;2;69,58;139,16
12604;0;46,76;0
12605;2;179,99;359,98
12607;0;412,4;0
12609;0;14,58;0
12610;3;171,01;513,03
12611;0;33,47;0
12613;4;182,58;730,32
12618;1;90,56;90,56
12619;2;163,9;327,8
12620;2;102,15;204,3
12621;10;39,2;392
12623;0;44,58;0
12624;6;26,02;156,12
12625;0;81,77;0
12626;0;40,15;0
12627;1;39,9;39,9
12629;0;72,58;0
12630;2;173,51;347,02
12634;1;69,33;69,33
12635;3;36,98;110,94
12636;0;38,78;0
12637;1;119,9;119,9
12638;0;61,36;0
12639;0;21,9;0
12640;0;42,9;0
12641;0;239,9;0
12643;5;52,49;262,45
12644;1;67,29;67,29
12645;1;186,76;186,76
12647;0;17,92;0
12648;0;46,13;0
12654;0;13,9;0
12655;1;15,08;15,08
12656;0;17,2;0
12657;1;39,45;39,45
12660;1;173,74;173,74
12662;0;624,9;0
12667;1;529,9;529,9
12673;1;30,42;30,42
12674;0;16,6;0
12675;0;32,84;0
12676;0;49,9;0
12677;8;171,79;1374,32
12678;7;49,86;349,02
12679;0;178,3;0
12686;2;222,19;444,38
12688;0;78,17;0
12689;0;34,53;0
12690;1;4,96;4,96
12691;7;134,7;942,9
12692;2;39,9;79,8
12693;5;21,76;108,8
12694;1;39,3;39,3
12695;2;62,99;125,98
12696;2;35,42;70,84
12697;2;85,9;171,8
12698;0;369,9;0
12699;0;0;0
12704;1;139,9;139,9
12705;1;13,9;13,9
12706;2;79,9;159,8
12708;0;129,44;0
12710;1;56,41;56,41
12716;0;199,9;0
12725;13;14,5;188,5
12726;1;37,4;37,4
12727;1;31,77;31,77
12729;0;194,9;0
12730;0;279,91;0
12731;0;59,91;0
12732;1;189,9;189,9
12733;1;269,9;269,9
12734;3;140,74;422,22
12735;2;54,61;109,22
12736;0;76,49;0
12737;2;529,9;1059,8
12738;0;31,25;0
12739;0;21,9;0
12740;0;55,48;0
12743;0;109,91;0
12744;0;19,89;0
12746;2;27,34;54,68
12747;3;12,99;38,97
12748;5;8,86;44,3
12750;0;44,9;0
12751;1;159,9;159,9
12755;5;108,51;542,55
12756;0;11,89;0
12760;1;179,9;179,9
12765;0;42,29;0
12766;0;75,41;0
12767;0;14,47;0
12770;6;9,26;55,56
12771;0;44,28;0
12772;0;20,36;0
12775;3;135,22;405,66
12776;6;18,9;113,4
12778;2;74,91;149,82
12781;2;134,9;269,8
12783;1;139,9;139,9
12784;1;539,9;539,9
12785;2;679,9;1359,8
12786;2;209,9;419,8
12787;0;51,88;0
12788;0;51;0
12790;5;85,6;428
12800;7;265,8;1860,6
12803;3;53,99;161,97
12804;0;203,78;0
12805;1;98,24;98,24
12807;2;69,21;138,42
12808;2;41,93;83,86
12812;3;89,9;269,7
12815;0;17,85;0
12818;3;61,38;184,14
12819;1;369,9;369,9
12821;0;29,76;0
12822;3;146,42;439,26
12824;1;36,9;36,9
12825;1;69,01;69,01
12831;1;271,01;271,01
12832;0;113,06;0
12841;1;49,9;49,9
12842;1;49,9;49,9
12845;0;15,67;0
12850;0;41,83;0
12851;0;25;0
12868;0;68,52;0
12877;2;15,9;31,8
12878;2;53,35;106,7
12881;6;12,9;77,4
12887;2;56,29;112,58
12890;1;379,9;379,9
12906;3;43,35;130,05
12907;0;52,51;0
12912;6;89,9;539,4
12913;1;59,9;59,9
12917;0;22,27;0
12921;3;32,9;98,7
12927;0;91,63;0
12928;5;552,63;2763,15
12929;2;44,08;88,16
12930;1;149,9;149,9
12931;3;159,9;479,7
12932;5;70,98;354,9
12933;4;77,95;311,8
12936;0;239,9;0
12937;0;12,9;0
12938;0;10,37;0
12945;1;84,05;84,05
12946;2;103,59;207,18
12947;2;219,9;439,8
12948;0;69,9;0
12949;1;58,07;58,07
12951;6;10,16;60,96
12954;1;225,57;225,57
12963;0;13,9;0
12967;1;7,32;7,32
12968;0;42,31;0
12969;0;25,9;0
12970;0;13,51;0
12971;2;192,38;384,76
12972;4;109,9;439,6
12974;0;179,9;0
12983;2;176,31;352,62
12984;1;11,65;11,65
12987;4;109,9;439,6
12988;4;69,9;279,6
12991;4;87,62;350,48
12992;4;259,89;1039,56
12993;0;148,62;0
12996;1;270,78;270,78
12997;7;255,33;1787,31
13007;7;81,35;569,45
13009;1;607,95;607,95
13011;2;74,9;149,8
13026;4;313,69;1254,76
13027;2;86,38;172,76
13028;1;22,93;22,93
13030;0;7,92;0
13031;0;14,48;0
13034;0;43,22;0
13036;3;8,02;24,06
13038;0;64,9;0
13045;0;48,73;0
13073;0;55,68;0
13074;3;39,9;119,7
13081;1;70,13;70,13
13082;3;84,46;253,38
13083;1;118,59;118,59
13089;3;169,9;509,7
13090;3;76,34;229,02
13092;10;25,08;250,8
13093;2;49,9;99,8
13094;1;49,9;49,9
13096;2;232,61;465,22
13097;2;70,47;140,94
13098;1;100,4;100,4
13099;1;52,29;52,29
13102;1;179,3;179,3
13104;1;165,9;165,9
13108;3;146,69;440,07
13111;0;28,9;0
13112;2;73,3;146,6
13113;4;65,84;263,36
13116;0;62,83;0
13130;1;389,99;389,99
13131;0;19,9;0
13132;1;197,92;197,92
13135;2;137,5;275
13137;0;29,08;0
13138;1;23,9;23,9
13139;1;22,13;22,13
13141;0;176,62;0
13142;1;318,08;318,08
13145;2;48,59;97,18
13148;2;54,1;108,2
13150;0;109,9;0
13151;2;119,9;239,8
13153;2;46,44;92,88
13155;0;92,09;0
13156;2;92,81;185,62
13158;0;28,59;0
13159;5;111,97;559,85
13187;0;29,69;0
13199;0;63,52;0
13202;2;76,42;152,84
13327;0;90,8;0
13335;2;71,47;142,94
13336;3;34,9;104,7
13340;1;139,66;139,66
13341;4;129,9;519,6
13345;0;87,95;0
13346;0;47,88;0
13347;3;169,9;509,7
13348;0;49,9;0
13349;3;56,22;168,66
13366;2;22,73;45,46
13367;5;158,97;794,85
13368;0;38,24;0
13369;5;44,38;221,9
13378;2;134,94;269,88
13379;3;124,89;374,67
13380;1;139,83;139,83
13381;2;29,39;58,78
13384;1;199,9;199,9
13455;3;348,05;1044,15
13457;6;59,9;359,4
13458;1;22,69;22,69
13459;0;46,22;0
13460;3;49,9;149,7
13461;0;19,99;0
13462;2;80,98;161,96
13463;2;69;138
13466;0;299,9;0
13467;5;64,5;322,5
13468;2;78,23;156,46
13501;1;109,9;109,9
13502;4;34,9;139,6
13507;8;99,73;797,84
13508;0;21,28;0
13523;3;14,85;44,55
13525;3;48,71;146,13
13526;0;44,56;0
13530;0;59,39;0
13531;1;31,62;31,62
13532;0;15,67;0
13534;0;15,68;0
13535;0;127,83;0
13541;1;249,9;249,9
13561;4;10,87;43,48
13562;0;18,4;0
13565;5;65,63;328,15
13573;0;129,9;0
13574;1;47,73;47,73
13575;1;32,52;32,52
13577;2;139,42;278,84
13578;0;135,23;0
13582;3;24,89;74,67
13586;1;161,65;161,65
13611;0;165,37;0
13612;0;63,69;0
13636;0;406,77;0
13637;4;95,53;382,12
13638;1;209,4;209,4
13639;2;305,66;611,32
13640;4;124,23;496,92
13688;2;14,17;28,34
13690;0;45,44;0
13691;1;90,32;90,32
13700;14;26,64;372,96
13701;1;160,12;160,12
13704;5;15,16;75,8
13716;2;375,63;751,26
13717;1;652,17;652,17
13718;7;220,69;1544,83
13719;2;192,38;384,76
13720;2;180,13;360,26
13721;0;69,9;0
13722;1;319,9;319,9
13883;0;205,22;0
13900;2;480,64;961,28
13914;2;27,78;55,56
13915;2;147,56;295,12
13967;2;18,11;36,22
13968;2;19,48;38,96
13998;1;22,25;22,25
14001;5;55,04;275,2
14008;3;235,61;706,83
14011;2;99,89;199,78
14012;6;22,91;137,46
14024;2;50;100
14025;1;161,11;161,11
14026;1;95,9;95,9
14027;4;145,22;580,88
14040;13;14,8;192,4
14083;1;19,9;19,9
14084;5;134,59;672,95
14085;2;150,22;300,44
14096;3;67,64;202,92
14097;4;27,93;111,72
14115;1;23,67;23,67
14116;1;79,9;79,9
14119;1;199,9;199,9
14120;5;69,9;349,5
14121;1;269,91;269,91
14122;1;139,9;139,9
14123;1;107,5;107,5
14124;1;199,66;199,66
14128;0;10,44;0
14132;2;161,39;322,78
14133;12;72,8;873,6
14134;4;61,5;246
14135;2;59,9;119,8
14136;1;89,9;89,9
14145;4;48,5;194
14275;1;58,2;58,2
14276;1;21,55;21,55
14297;2;99,9;199,8
14307;0;124,89;0
14346;1;269,9;269,9
14347;1;449,9;449,9
14348;0;37,9;0
14349;0;41,78;0
14365;4;34,9;139,6
14381;2;48,17;96,34
14386;0;10,68;0
14387;2;55,57;111,14
14396;3;49,23;147,69
14397;11;112,5;1237,5
14398;5;89,9;449,5
14411;1;14,9;14,9
14412;1;384,07;384,07
14413;0;11,95;0
14414;2;12;24
14415;0;12,97;0
14416;1;14;14
14417;1;29,08;29,08
14422;1;72,26;72,26
14424;1;143,04;143,04
14427;1;18,9;18,9
14428;4;89,9;359,6
14429;1;261,76;261,76
14445;2;79,93;159,86
14446;0;39,63;0
14447;0;20,34;0
14448;0;10,95;0
14449;1;6,79;6,79
14455;2;268,7;537,4
14464;3;101,02;303,06
14468;0;83,51;0
14469;3;18,68;56,04
14470;0;301,59;0
14477;9;117,15;1054,35
14480;1;55,4;55,4
14481;2;89,48;178,96
14485;3;31,47;94,41
14486;2;179,9;359,8
14487;4;48,47;193,88
14488;1;318,41;318,41
14489;2;49,05;98,1
14494;1;39,9;39,9
14495;1;39,99;39,99
14496;1;14,91;14,91
14497;0;14,08;0
14508;2;99,9;199,8
14509;0;46,26;0
14517;2;13,43;26,86
14531;3;25,56;76,68
14532;2;60,71;121,42
14533;4;149,9;599,6
14534;3;299,91;899,73
14536;2;46,42;92,84
14553;1;33,58;33,58
14560;0;291,85;0
14562;1;39,9;39,9
14563;3;29,9;89,7
14564;2;59,99;119,98
14565;1;499,9;499,9
14566;0;249,9;0
14592;0;74,54;0
14598;2;112,49;224,98
14599;1;19,9;19,9
14602;3;36,17;108,51
14603;3;59,19;177,57
14608;0;51,02;0
14612;1;47,62;47,62
14615;1;51,78;51,78
14623;0;48,75;0
14624;2;23,91;47,82
14625;4;23,87;95,48
14633;1;27,52;27,52
14634;4;34,12;136,48
14635;2;42,9;85,8
14636;3;85,45;256,35
14637;3;320,73;962,19
14639;2;177,16;354,32
14646;1;36,74;36,74
14721;5;27,96;139,8
14723;1;49,9;49,9
14737;0;137,47;0
14738;2;69,65;139,3
14744;6;24,99;149,94
14749;0;163,9;0
14750;2;204,55;409,1
14751;2;64,94;129,88
14761;2;100,1;200,2
14773;3;18,6;55,8
14784;0;29,9;0
14792;2;63,87;127,74
14795;3;14,99;44,97
14800;0;26,9;0
14801;11;17,42;191,62
14809;1;41,08;41,08
14873;4;133,27;533,08
14874;4;122,75;491
14900;1;13,9;13,9
14901;1;39,9;39,9
14902;2;282,07;564,14
14917;4;39,76;159,04
14928;4;144,37;577,48
14929;3;557,54;1672,62
14930;3;74,22;222,66
14941;3;99,9;299,7
14942;2;42,75;85,5
14964;0;18,08;0
14965;3;117,94;353,82
14966;1;56,55;56,55
14967;0;91,54;0
14970;1;62,14;62,14
14978;0;69,31;0
14995;3;30,93;92,79
15019;1;69,89;69,89
15052;6;58,81;352,86
15125;0;52,44;0
15137;1;53,97;53,97
15140;3;26,29;78,87
15141;2;22,07;44,14
15142;3;141,7;425,1
15150;2;12,91;25,82
15157;1;342,67;342,67
15172;2;29,89;59,78
15173;3;69,89;209,67
15174;7;67,14;469,98
15175;0;82,29;0
15176;1;205,89;205,89
15231;5;52,77;263,85
15232;1;77,16;77,16
15235;4;42,11;168,44
15248;2;11,35;22,7
15249;3;177,79;533,37
15250;1;55,04;55,04
15251;3;143,41;430,23
15265;1;97,62;97,62
15267;0;524,87;0
15282;2;51,05;102,1
15286;0;37,66;0
15288;1;584,02;584,02
15295;3;158,4;475,2
15316;1;73,66;73,66
15317;2;44,27;88,54
15318;3;99,31;297,93
15319;0;37,6;0
15320;2;59,89;119,78
15321;2;51,31;102,62
15322;6;94,28;565,68
15353;3;101,24;303,72
15354;2;106,71;213,42
15358;1;197,95;197,95
15361;1;50,16;50,16
15362;1;169,31;169,31
15367;3;62,06;186,18
15375;1;9,17;9,17
15377;4;141,34;565,36
15378;1;118,27;118,27
15395;3;15,38;46,14
15397;1;40,82;40,82
15398;0;66,3;0
15400;1;91,86;91,86
15421;3;300,35;901,05
15422;0;27,04;0
15423;2;50,53;101,06
15431;8;18,67;149,36
15432;2;50,11;100,22
15438;3;395,37;1186,11
15447;6;28,58;171,48
15457;0;262,1;0
15458;2;168;336
15459;2;123,84;247,68
15461;0;459,69;0
15462;1;777,31;777,31
15463;0;260,97;0
15476;2;255,98;511,96
15477;2;129,96;259,92
15479;1;56,97;56,97
15480;0;31,57;0
15481;0;11,13;0
15485;4;359,96;1439,84
15486;1;314,07;314,07
15527;1;220,23;220,23
15530;0;62;0
15532;3;68,97;206,91
15551;1;257,81;257,81
15552;1;481,71;481,71
15557;1;24,3;24,3
15558;2;155,87;311,74
15574;1;55,15;55,15
15575;0;51,14;0
15577;2;14,9;29,8
15578;5;85,55;427,75
15579;2;37,3;74,6
15580;3;29,87;89,61
15581;0;37,37;0
15585;0;40,09;0
15589;2;96,15;192,3
15590;4;38,27;153,08
15594;5;145,54;727,7
15595;5;309,07;1545,35
15602;1;16,82;16,82
15607;2;641,78;1283,56
15610;0;127,27;0
15613;1;38,39;38,39
15614;2;12,66;25,32
15615;1;39,89;39,89
15616;2;173,67;347,34
15622;5;144,71;723,55
15633;1;35,42;35,42
15635;4;135,53;542,12
15653;1;102,56;102,56
15676;0;163,98;0
15677;0;152,48;0
15678;2;27,27;54,54
15680;5;79,9;399,5
15681;2;96,59;193,18
15692;0;80,81;0
15694;0;96,6;0
15695;0;57,33;0
15702;0;54,43;0
15709;1;31,09;31,09
15710;2;51,68;103,36
15711;5;101,19;505,95
15712;4;164,69;658,76
15716;2;106,64;213,28
15722;1;7,06;7,06
15723;8;33,98;271,84
15724;3;44,64;133,92
15733;6;45,39;272,34
15737;2;41,26;82,52
15738;88;97,6;8588,8
15751;4;32,82;131,28
15765;5;110,79;553,95
15776;0;18,3;0
15777;0;86,78;0
15819;2;137,58;275,16
15826;1;556,69;556,69
15838;1;203,48;203,48
15839;1;44,72;44,72
15842;1;60,7;60,7
15843;3;145,69;437,07
15850;2;29,56;59,12
15859;1;202,51;202,51
15860;1;198,13;198,13
15865;1;29,1;29,1
15867;2;94,93;189,86
15868;2;28,4;56,8
15870;5;13,41;67,05
15871;1;43,18;43,18
15872;3;71,4;214,2
15873;1;95,21;95,21
15885;2;20,72;41,44
15886;5;16,11;80,55
15890;3;92,07;276,21
15893;0;190,71;0
15895;1;45,53;45,53
15896;1;81,75;81,75
15904;1;118,77;118,77
15905;2;27,22;54,44
15923;3;141,81;425,43
15924;1;41,32;41,32
15941;2;27,81;55,62
15943;1;37,71;37,71
15944;2;15,37;30,74
15945;1;128,24;128,24
15952;1;72,28;72,28
15956;2;129,98;259,96
15979;1;153,83;153,83
15985;2;41,21;82,42
15986;6;75,81;454,86
15987;1;40,86;40,86
15988;3;80,9;242,7
15992;2;219,05;438,1
16001;1;58,45;58,45
16002;5;101,79;508,95
16003;1;57,44;57,44
16004;0;11,15;0
16009;1;102,4;102,4
16010;0;258,54;0
16011;3;94,42;283,26
16012;2;262,38;524,76
16013;2;19,63;39,26
16014;1;92,9;92,9
16030;3;65,21;195,63
16037;2;139,1;278,2
16051;0;70,91;0
16096;2;98,18;196,36
16100;1;19,28;19,28
16101;1;108,01;108,01
16102;5;40,53;202,65
16104;2;416,77;833,54
16105;2;234,68;469,36
16107;2;35,95;71,9
16112;6;50,08;300,48
16113;0;14,32;0
16117;1;402,54;402,54
16118;1;70,69;70,69
16121;2;172,43;344,86
16126;0;185,19;0
16127;3;130,41;391,23
16146;2;374,21;748,42
16148;2;267,26;534,52
16152;4;117,09;468,36
16153;1;263,74;263,74
16159;2;71,34;142,68
16160;4;80,87;323,48
16161;2;40,19;80,38
16163;3;86,44;259,32
16171;6;52,44;314,64
16176;2;88,57;177,14
16177;4;48,51;194,04
16179;2;115,03;230,06
16181;0;169,09;0
16182;3;42,63;127,89
16192;24;38,22;917,28
16193;3;449,09;1347,27
16203;2;197,26;394,52
16204;1;507,74;507,74
16205;3;182,06;546,18
16208;0;37,56;0
16222;2;113,63;227,26
16223;2;53,29;106,58
16224;2;44,55;89,1
16225;6;27,52;165,12
16227;2;135,5;271
16228;6;70,92;425,52
